Period;Group;Series;Average
1987 January;Swedish Government Bonds;SE GVB 2Y;11.5317
1987 February;Swedish Government Bonds;SE GVB 2Y;11.219
1987 March;Swedish Government Bonds;SE GVB 2Y;10.8805
1987 April;Swedish Government Bonds;SE GVB 2Y;10.7685
1987 May;Swedish Government Bonds;SE GVB 2Y;11.0468
1987 June;Swedish Government Bonds;SE GVB 2Y;10.9085
1987 July;Swedish Government Bonds;SE GVB 2Y;10.7239
1987 August;Swedish Government Bonds;SE GVB 2Y;10.9929
1987 September;Swedish Government Bonds;SE GVB 2Y;11.1218
1987 October;Swedish Government Bonds;SE GVB 2Y;11.0818
1987 November;Swedish Government Bonds;SE GVB 2Y;10.7367
1987 December;Swedish Government Bonds;SE GVB 2Y;10.6885
1988 January;Swedish Government Bonds;SE GVB 2Y;10.8679
1988 February;Swedish Government Bonds;SE GVB 2Y;10.5443
1988 March;Swedish Government Bonds;SE GVB 2Y;10.5557
1988 April;Swedish Government Bonds;SE GVB 2Y;10.6358
1988 May;Swedish Government Bonds;SE GVB 2Y;10.9055
1988 June;Swedish Government Bonds;SE GVB 2Y;10.7705
1988 July;Swedish Government Bonds;SE GVB 2Y;10.8919
1988 August;Swedish Government Bonds;SE GVB 2Y;11.1865
1988 September;Swedish Government Bonds;SE GVB 2Y;11.1368
1988 October;Swedish Government Bonds;SE GVB 2Y;11.1438
1988 November;Swedish Government Bonds;SE GVB 2Y;11.1555
1988 December;Swedish Government Bonds;SE GVB 2Y;11.1595
1989 January;Swedish Government Bonds;SE GVB 2Y;10.6157
1989 February;Swedish Government Bonds;SE GVB 2Y;10.7215
1989 March;Swedish Government Bonds;SE GVB 2Y;11.3633
1989 April;Swedish Government Bonds;SE GVB 2Y;11.556
1989 May;Swedish Government Bonds;SE GVB 2Y;11.483
1989 June;Swedish Government Bonds;SE GVB 2Y;11.4486
1989 July;Swedish Government Bonds;SE GVB 2Y;11.4205
1989 August;Swedish Government Bonds;SE GVB 2Y;11.4109
1989 September;Swedish Government Bonds;SE GVB 2Y;11.461
1989 October;Swedish Government Bonds;SE GVB 2Y;11.7477
1989 November;Swedish Government Bonds;SE GVB 2Y;12.3932
1989 December;Swedish Government Bonds;SE GVB 2Y;13.3595
1990 January;Swedish Government Bonds;SE GVB 2Y;13.766
1990 February;Swedish Government Bonds;SE GVB 2Y;15.2838
1990 March;Swedish Government Bonds;SE GVB 2Y;15.0477
1990 April;Swedish Government Bonds;SE GVB 2Y;14.4884
1990 May;Swedish Government Bonds;SE GVB 2Y;13.8786
1990 June;Swedish Government Bonds;SE GVB 2Y;13.5011
1990 July;Swedish Government Bonds;SE GVB 2Y;13.4386
1990 August;Swedish Government Bonds;SE GVB 2Y;13.8987
1990 September;Swedish Government Bonds;SE GVB 2Y;14.3225
1990 October;Swedish Government Bonds;SE GVB 2Y;14.5978
1990 November;Swedish Government Bonds;SE GVB 2Y;14.4423
1990 December;Swedish Government Bonds;SE GVB 2Y;14.0976
1991 January;Swedish Government Bonds;SE GVB 2Y;12.9645
1991 February;Swedish Government Bonds;SE GVB 2Y;12.047
1991 March;Swedish Government Bonds;SE GVB 2Y;11.9875
1991 April;Swedish Government Bonds;SE GVB 2Y;12.1129
1991 May;Swedish Government Bonds;SE GVB 2Y;11.562
1991 June;Swedish Government Bonds;SE GVB 2Y;11.0711
1991 July;Swedish Government Bonds;SE GVB 2Y;11.0639
1991 August;Swedish Government Bonds;SE GVB 2Y;11.1309
1991 September;Swedish Government Bonds;SE GVB 2Y;10.7733
1991 October;Swedish Government Bonds;SE GVB 2Y;10.757
1991 November;Swedish Government Bonds;SE GVB 2Y;10.8414
1991 December;Swedish Government Bonds;SE GVB 2Y;11.6656
1992 January;Swedish Government Bonds;SE GVB 2Y;10.7562
1992 February;Swedish Government Bonds;SE GVB 2Y;10.9275
1992 March;Swedish Government Bonds;SE GVB 2Y;10.8377
1992 April;Swedish Government Bonds;SE GVB 2Y;11.1175
1992 May;Swedish Government Bonds;SE GVB 2Y;11.1979
1992 June;Swedish Government Bonds;SE GVB 2Y;11.3395
1992 July;Swedish Government Bonds;SE GVB 2Y;11.2148
1992 August;Swedish Government Bonds;SE GVB 2Y;12.1462
1992 September;Swedish Government Bonds;SE GVB 2Y;13.5023
1992 October;Swedish Government Bonds;SE GVB 2Y;12.4214
1992 November;Swedish Government Bonds;SE GVB 2Y;11.1862
1992 December;Swedish Government Bonds;SE GVB 2Y;9.653
1993 January;Swedish Government Bonds;SE GVB 2Y;9.4147
1993 February;Swedish Government Bonds;SE GVB 2Y;8.8615
1993 March;Swedish Government Bonds;SE GVB 2Y;8.5096
1993 April;Swedish Government Bonds;SE GVB 2Y;8.517
1993 May;Swedish Government Bonds;SE GVB 2Y;8.0816
1993 June;Swedish Government Bonds;SE GVB 2Y;7.6529
1993 July;Swedish Government Bonds;SE GVB 2Y;7.2718
1993 August;Swedish Government Bonds;SE GVB 2Y;6.6745
1993 September;Swedish Government Bonds;SE GVB 2Y;6.8782
1993 October;Swedish Government Bonds;SE GVB 2Y;6.6567
1993 November;Swedish Government Bonds;SE GVB 2Y;6.4695
1993 December;Swedish Government Bonds;SE GVB 2Y;6.3848
1994 January;Swedish Government Bonds;SE GVB 2Y;6.531
1994 February;Swedish Government Bonds;SE GVB 2Y;6.72
1994 March;Swedish Government Bonds;SE GVB 2Y;7.1083
1994 April;Swedish Government Bonds;SE GVB 2Y;7.7253
1994 May;Swedish Government Bonds;SE GVB 2Y;7.836
1994 June;Swedish Government Bonds;SE GVB 2Y;8.7186
1994 July;Swedish Government Bonds;SE GVB 2Y;9.6233
1994 August;Swedish Government Bonds;SE GVB 2Y;9.697
1994 September;Swedish Government Bonds;SE GVB 2Y;9.7677
1994 October;Swedish Government Bonds;SE GVB 2Y;10.0033
1994 November;Swedish Government Bonds;SE GVB 2Y;9.892
1994 December;Swedish Government Bonds;SE GVB 2Y;9.8186
1995 January;Swedish Government Bonds;SE GVB 2Y;10.0624
1995 February;Swedish Government Bonds;SE GVB 2Y;9.686
1995 March;Swedish Government Bonds;SE GVB 2Y;10.1657
1995 April;Swedish Government Bonds;SE GVB 2Y;10.3056
1995 May;Swedish Government Bonds;SE GVB 2Y;9.791
1995 June;Swedish Government Bonds;SE GVB 2Y;9.9675
1995 July;Swedish Government Bonds;SE GVB 2Y;10.0186
1995 August;Swedish Government Bonds;SE GVB 2Y;9.6974
1995 September;Swedish Government Bonds;SE GVB 2Y;9.319
1995 October;Swedish Government Bonds;SE GVB 2Y;8.9841
1995 November;Swedish Government Bonds;SE GVB 2Y;8.7509
1995 December;Swedish Government Bonds;SE GVB 2Y;8.3532
1996 January;Swedish Government Bonds;SE GVB 2Y;7.8177
1996 February;Swedish Government Bonds;SE GVB 2Y;7.6224
1996 March;Swedish Government Bonds;SE GVB 2Y;7.4105
1996 April;Swedish Government Bonds;SE GVB 2Y;7.0675
1996 May;Swedish Government Bonds;SE GVB 2Y;6.9445
1996 June;Swedish Government Bonds;SE GVB 2Y;6.6763
1996 July;Swedish Government Bonds;SE GVB 2Y;6.6009
1996 August;Swedish Government Bonds;SE GVB 2Y;6.4395
1996 September;Swedish Government Bonds;SE GVB 2Y;6.1095
1996 October;Swedish Government Bonds;SE GVB 2Y;5.4596
1996 November;Swedish Government Bonds;SE GVB 2Y;5.3667
1996 December;Swedish Government Bonds;SE GVB 2Y;4.7928
1997 January;Swedish Government Bonds;SE GVB 2Y;4.4481
1997 February;Swedish Government Bonds;SE GVB 2Y;4.4715
1997 March;Swedish Government Bonds;SE GVB 2Y;4.8926
1997 April;Swedish Government Bonds;SE GVB 2Y;4.9077
1997 May;Swedish Government Bonds;SE GVB 2Y;4.86
1997 June;Swedish Government Bonds;SE GVB 2Y;4.7795
1997 July;Swedish Government Bonds;SE GVB 2Y;4.7222
1997 August;Swedish Government Bonds;SE GVB 2Y;4.8814
1997 September;Swedish Government Bonds;SE GVB 2Y;4.8214
1997 October;Swedish Government Bonds;SE GVB 2Y;5.0078
1997 November;Swedish Government Bonds;SE GVB 2Y;5.136
1997 December;Swedish Government Bonds;SE GVB 2Y;5.1189
1998 January;Swedish Government Bonds;SE GVB 2Y;5.0625
1998 February;Swedish Government Bonds;SE GVB 2Y;4.9195
1998 March;Swedish Government Bonds;SE GVB 2Y;4.8909
1998 April;Swedish Government Bonds;SE GVB 2Y;4.8485
1998 May;Swedish Government Bonds;SE GVB 2Y;4.7816
1998 June;Swedish Government Bonds;SE GVB 2Y;4.3725
1998 July;Swedish Government Bonds;SE GVB 2Y;4.2615
1998 August;Swedish Government Bonds;SE GVB 2Y;4.3155
1998 September;Swedish Government Bonds;SE GVB 2Y;4.3241
1998 October;Swedish Government Bonds;SE GVB 2Y;4.2804
1998 November;Swedish Government Bonds;SE GVB 2Y;3.8691
1998 December;Swedish Government Bonds;SE GVB 2Y;3.5672
1999 January;Swedish Government Bonds;SE GVB 2Y;3.3773
1999 February;Swedish Government Bonds;SE GVB 2Y;3.3582
1999 March;Swedish Government Bonds;SE GVB 2Y;3.3882
1999 April;Swedish Government Bonds;SE GVB 2Y;3.1162
1999 May;Swedish Government Bonds;SE GVB 2Y;3.2963
1999 June;Swedish Government Bonds;SE GVB 2Y;3.7193
1999 July;Swedish Government Bonds;SE GVB 2Y;4.1684
1999 August;Swedish Government Bonds;SE GVB 2Y;4.4285
1999 September;Swedish Government Bonds;SE GVB 2Y;4.5102
1999 October;Swedish Government Bonds;SE GVB 2Y;4.6964
1999 November;Swedish Government Bonds;SE GVB 2Y;4.5209
1999 December;Swedish Government Bonds;SE GVB 2Y;4.6071
2000 January;Swedish Government Bonds;SE GVB 2Y;5.1993
2000 February;Swedish Government Bonds;SE GVB 2Y;5.3636
2000 March;Swedish Government Bonds;SE GVB 2Y;5.173
2000 April;Swedish Government Bonds;SE GVB 2Y;5.0419
2000 May;Swedish Government Bonds;SE GVB 2Y;5.0166
2000 June;Swedish Government Bonds;SE GVB 2Y;4.9424
2000 July;Swedish Government Bonds;SE GVB 2Y;5.0533
2000 August;Swedish Government Bonds;SE GVB 2Y;4.9148
2000 September;Swedish Government Bonds;SE GVB 2Y;4.6881
2000 October;Swedish Government Bonds;SE GVB 2Y;4.5639
2000 November;Swedish Government Bonds;SE GVB 2Y;4.5055
2000 December;Swedish Government Bonds;SE GVB 2Y;4.385
2001 January;Swedish Government Bonds;SE GVB 2Y;4.2214
2001 February;Swedish Government Bonds;SE GVB 2Y;4.1515
2001 March;Swedish Government Bonds;SE GVB 2Y;4.0095
2001 April;Swedish Government Bonds;SE GVB 2Y;4.1224
2001 May;Swedish Government Bonds;SE GVB 2Y;4.425
2001 June;Swedish Government Bonds;SE GVB 2Y;4.75
2001 July;Swedish Government Bonds;SE GVB 2Y;4.783
2001 August;Swedish Government Bonds;SE GVB 2Y;4.4933
2001 September;Swedish Government Bonds;SE GVB 2Y;4.2285
2001 October;Swedish Government Bonds;SE GVB 2Y;3.9791
2001 November;Swedish Government Bonds;SE GVB 2Y;3.9232
2001 December;Swedish Government Bonds;SE GVB 2Y;4.2074
2002 January;Swedish Government Bonds;SE GVB 2Y;4.5255
2002 February;Swedish Government Bonds;SE GVB 2Y;4.7558
2002 March;Swedish Government Bonds;SE GVB 2Y;5.0453
2002 April;Swedish Government Bonds;SE GVB 2Y;5.0971
2002 May;Swedish Government Bonds;SE GVB 2Y;5.0988
2002 June;Swedish Government Bonds;SE GVB 2Y;4.9355
2002 July;Swedish Government Bonds;SE GVB 2Y;4.7335
2002 August;Swedish Government Bonds;SE GVB 2Y;4.522
2002 September;Swedish Government Bonds;SE GVB 2Y;4.4233
2002 October;Swedish Government Bonds;SE GVB 2Y;4.2935
2002 November;Swedish Government Bonds;SE GVB 2Y;4.1488
2002 December;Swedish Government Bonds;SE GVB 2Y;3.9933
2003 January;Swedish Government Bonds;SE GVB 2Y;3.7886
2003 February;Swedish Government Bonds;SE GVB 2Y;3.5603
2003 March;Swedish Government Bonds;SE GVB 2Y;3.5302
2003 April;Swedish Government Bonds;SE GVB 2Y;3.5915
2003 May;Swedish Government Bonds;SE GVB 2Y;3.2518
2003 June;Swedish Government Bonds;SE GVB 2Y;2.9689
2003 July;Swedish Government Bonds;SE GVB 2Y;3.2222
2003 August;Swedish Government Bonds;SE GVB 2Y;3.5764
2003 September;Swedish Government Bonds;SE GVB 2Y;3.5445
2003 October;Swedish Government Bonds;SE GVB 2Y;3.6161
2003 November;Swedish Government Bonds;SE GVB 2Y;3.7563
2003 December;Swedish Government Bonds;SE GVB 2Y;3.5537
2004 January;Swedish Government Bonds;SE GVB 2Y;3.2153
2004 February;Swedish Government Bonds;SE GVB 2Y;3.0438
2004 March;Swedish Government Bonds;SE GVB 2Y;2.7226
2004 April;Swedish Government Bonds;SE GVB 2Y;2.7693
2004 May;Swedish Government Bonds;SE GVB 2Y;2.9624
2004 June;Swedish Government Bonds;SE GVB 2Y;3.0055
2004 July;Swedish Government Bonds;SE GVB 2Y;2.8627
2004 August;Swedish Government Bonds;SE GVB 2Y;2.7468
2004 September;Swedish Government Bonds;SE GVB 2Y;2.7955
2004 October;Swedish Government Bonds;SE GVB 2Y;2.6812
2004 November;Swedish Government Bonds;SE GVB 2Y;2.5595
2004 December;Swedish Government Bonds;SE GVB 2Y;2.3436
2005 January;Swedish Government Bonds;SE GVB 2Y;2.6173
2005 February;Swedish Government Bonds;SE GVB 2Y;2.53
2005 March;Swedish Government Bonds;SE GVB 2Y;2.5471
2005 April;Swedish Government Bonds;SE GVB 2Y;2.4269
2005 May;Swedish Government Bonds;SE GVB 2Y;2.1976
2005 June;Swedish Government Bonds;SE GVB 2Y;1.9313
2005 July;Swedish Government Bonds;SE GVB 2Y;1.8812
2005 August;Swedish Government Bonds;SE GVB 2Y;2.055
2005 September;Swedish Government Bonds;SE GVB 2Y;2.0645
2005 October;Swedish Government Bonds;SE GVB 2Y;2.3969
2005 November;Swedish Government Bonds;SE GVB 2Y;2.5959
2005 December;Swedish Government Bonds;SE GVB 2Y;2.7605
2006 January;Swedish Government Bonds;SE GVB 2Y;2.7614
2006 February;Swedish Government Bonds;SE GVB 2Y;2.7398
2006 March;Swedish Government Bonds;SE GVB 2Y;2.812
2006 April;Swedish Government Bonds;SE GVB 2Y;2.9703
2006 May;Swedish Government Bonds;SE GVB 2Y;2.9795
2006 June;Swedish Government Bonds;SE GVB 2Y;3.3478
2006 July;Swedish Government Bonds;SE GVB 2Y;3.4412
2006 August;Swedish Government Bonds;SE GVB 2Y;3.4672
2006 September;Swedish Government Bonds;SE GVB 2Y;3.4545
2006 October;Swedish Government Bonds;SE GVB 2Y;3.482
2006 November;Swedish Government Bonds;SE GVB 2Y;3.488
2006 December;Swedish Government Bonds;SE GVB 2Y;3.6242
2007 January;Swedish Government Bonds;SE GVB 2Y;3.7823
2007 February;Swedish Government Bonds;SE GVB 2Y;3.802
2007 March;Swedish Government Bonds;SE GVB 2Y;3.7539
2007 April;Swedish Government Bonds;SE GVB 2Y;3.9839
2007 May;Swedish Government Bonds;SE GVB 2Y;4.1164
2007 June;Swedish Government Bonds;SE GVB 2Y;4.275
2007 July;Swedish Government Bonds;SE GVB 2Y;4.3898
2007 August;Swedish Government Bonds;SE GVB 2Y;4.1741
2007 September;Swedish Government Bonds;SE GVB 2Y;4.0768
2007 October;Swedish Government Bonds;SE GVB 2Y;4.1757
2007 November;Swedish Government Bonds;SE GVB 2Y;4.0416
2007 December;Swedish Government Bonds;SE GVB 2Y;4.1204
2008 January;Swedish Government Bonds;SE GVB 2Y;3.7995
2008 February;Swedish Government Bonds;SE GVB 2Y;3.6916
2008 March;Swedish Government Bonds;SE GVB 2Y;3.7835
2008 April;Swedish Government Bonds;SE GVB 2Y;3.9648
2008 May;Swedish Government Bonds;SE GVB 2Y;4.2027
2008 June;Swedish Government Bonds;SE GVB 2Y;4.6211
2008 July;Swedish Government Bonds;SE GVB 2Y;4.6992
2008 August;Swedish Government Bonds;SE GVB 2Y;4.45
2008 September;Swedish Government Bonds;SE GVB 2Y;4.0504
2008 October;Swedish Government Bonds;SE GVB 2Y;3.1852
2008 November;Swedish Government Bonds;SE GVB 2Y;2.4514
2008 December;Swedish Government Bonds;SE GVB 2Y;1.8383
2009 January;Swedish Government Bonds;SE GVB 2Y;1.4435
2009 February;Swedish Government Bonds;SE GVB 2Y;1.188
2009 March;Swedish Government Bonds;SE GVB 2Y;1.1235
2009 April;Swedish Government Bonds;SE GVB 2Y;1.0881
2009 May;Swedish Government Bonds;SE GVB 2Y;1.2444
2009 June;Swedish Government Bonds;SE GVB 2Y;1.2674
2009 July;Swedish Government Bonds;SE GVB 2Y;0.904
2009 August;Swedish Government Bonds;SE GVB 2Y;1.0466
2009 September;Swedish Government Bonds;SE GVB 2Y;0.8562
2009 October;Swedish Government Bonds;SE GVB 2Y;0.7826
2009 November;Swedish Government Bonds;SE GVB 2Y;0.6105
2009 December;Swedish Government Bonds;SE GVB 2Y;1.2092
2010 January;Swedish Government Bonds;SE GVB 2Y;1.628
2010 February;Swedish Government Bonds;SE GVB 2Y;1.6253
2010 March;Swedish Government Bonds;SE GVB 2Y;1.5928
2010 April;Swedish Government Bonds;SE GVB 2Y;1.4947
2010 May;Swedish Government Bonds;SE GVB 2Y;1.2411
2010 June;Swedish Government Bonds;SE GVB 2Y;1.3304
2010 July;Swedish Government Bonds;SE GVB 2Y;1.4275
2010 August;Swedish Government Bonds;SE GVB 2Y;1.312
2010 September;Swedish Government Bonds;SE GVB 2Y;1.3891
2010 October;Swedish Government Bonds;SE GVB 2Y;1.447
2010 November;Swedish Government Bonds;SE GVB 2Y;1.4474
2010 December;Swedish Government Bonds;SE GVB 2Y;1.7636
2011 January;Swedish Government Bonds;SE GVB 2Y;1.8929
2011 February;Swedish Government Bonds;SE GVB 2Y;2.0937
2011 March;Swedish Government Bonds;SE GVB 2Y;2.2592
2011 April;Swedish Government Bonds;SE GVB 2Y;2.3226
2011 May;Swedish Government Bonds;SE GVB 2Y;2.2247
2011 June;Swedish Government Bonds;SE GVB 2Y;2.3756
2011 July;Swedish Government Bonds;SE GVB 2Y;2.1639
2011 August;Swedish Government Bonds;SE GVB 2Y;1.5594
2011 September;Swedish Government Bonds;SE GVB 2Y;1.1984
2011 October;Swedish Government Bonds;SE GVB 2Y;1.306
2011 November;Swedish Government Bonds;SE GVB 2Y;1.0147
2011 December;Swedish Government Bonds;SE GVB 2Y;0.8461
2012 January;Swedish Government Bonds;SE GVB 2Y;0.9073
2012 February;Swedish Government Bonds;SE GVB 2Y;1.0324
2012 March;Swedish Government Bonds;SE GVB 2Y;1.1197
2012 April;Swedish Government Bonds;SE GVB 2Y;1.1495
2012 May;Swedish Government Bonds;SE GVB 2Y;0.925
2012 June;Swedish Government Bonds;SE GVB 2Y;0.8515
2012 July;Swedish Government Bonds;SE GVB 2Y;0.8341
2012 August;Swedish Government Bonds;SE GVB 2Y;0.9233
2012 September;Swedish Government Bonds;SE GVB 2Y;0.7683
2012 October;Swedish Government Bonds;SE GVB 2Y;0.7165
2012 November;Swedish Government Bonds;SE GVB 2Y;0.7127
2012 December;Swedish Government Bonds;SE GVB 2Y;0.7229
2013 January;Swedish Government Bonds;SE GVB 2Y;0.9528
2013 February;Swedish Government Bonds;SE GVB 2Y;1.0651
2013 March;Swedish Government Bonds;SE GVB 2Y;1.107
2013 April;Swedish Government Bonds;SE GVB 2Y;0.9023
2013 May;Swedish Government Bonds;SE GVB 2Y;0.8236
2013 June;Swedish Government Bonds;SE GVB 2Y;1.0133
2013 July;Swedish Government Bonds;SE GVB 2Y;1.0675
2013 August;Swedish Government Bonds;SE GVB 2Y;1.165
2013 September;Swedish Government Bonds;SE GVB 2Y;1.219
2013 October;Swedish Government Bonds;SE GVB 2Y;1.0781
2013 November;Swedish Government Bonds;SE GVB 2Y;0.9195
2013 December;Swedish Government Bonds;SE GVB 2Y;0.8608
2014 January;Swedish Government Bonds;SE GVB 2Y;1.0347
2014 February;Swedish Government Bonds;SE GVB 2Y;0.9176
2014 March;Swedish Government Bonds;SE GVB 2Y;0.8501
2014 April;Swedish Government Bonds;SE GVB 2Y;0.7017
2014 May;Swedish Government Bonds;SE GVB 2Y;0.5934
2014 June;Swedish Government Bonds;SE GVB 2Y;0.4985
2014 July;Swedish Government Bonds;SE GVB 2Y;0.3127
2014 August;Swedish Government Bonds;SE GVB 2Y;0.2355
2014 September;Swedish Government Bonds;SE GVB 2Y;0.1788
2014 October;Swedish Government Bonds;SE GVB 2Y;0.0577
2014 November;Swedish Government Bonds;SE GVB 2Y;-0.0085
2014 December;Swedish Government Bonds;SE GVB 2Y;0.0113
2015 January;Swedish Government Bonds;SE GVB 2Y;-0.0443
2015 February;Swedish Government Bonds;SE GVB 2Y;-0.2287
2015 March;Swedish Government Bonds;SE GVB 2Y;-0.2278
2015 April;Swedish Government Bonds;SE GVB 2Y;-0.323
2015 May;Swedish Government Bonds;SE GVB 2Y;-0.2651
2015 June;Swedish Government Bonds;SE GVB 2Y;-0.2188
2015 July;Swedish Government Bonds;SE GVB 2Y;-0.3969
2015 August;Swedish Government Bonds;SE GVB 2Y;-0.4877
2015 September;Swedish Government Bonds;SE GVB 2Y;-0.4758
2015 October;Swedish Government Bonds;SE GVB 2Y;-0.4627
2015 November;Swedish Government Bonds;SE GVB 2Y;-0.4476
2015 December;Swedish Government Bonds;SE GVB 2Y;-0.4492
2016 January;Swedish Government Bonds;SE GVB 2Y;-0.5134
2016 February;Swedish Government Bonds;SE GVB 2Y;-0.5907
2016 March;Swedish Government Bonds;SE GVB 2Y;-0.5364
2016 April;Swedish Government Bonds;SE GVB 2Y;-0.4236
2016 May;Swedish Government Bonds;SE GVB 2Y;-0.4296
2016 June;Swedish Government Bonds;SE GVB 2Y;-0.5568
2016 July;Swedish Government Bonds;SE GVB 2Y;-0.6391
2016 August;Swedish Government Bonds;SE GVB 2Y;-0.6406
2016 September;Swedish Government Bonds;SE GVB 2Y;-0.6365
2016 October;Swedish Government Bonds;SE GVB 2Y;-0.6852
1987 January;Swedish Government Bonds;SE GVB 5Y;11.582
1987 February;Swedish Government Bonds;SE GVB 5Y;11.309
1987 March;Swedish Government Bonds;SE GVB 5Y;10.9405
1987 April;Swedish Government Bonds;SE GVB 5Y;10.878
1987 May;Swedish Government Bonds;SE GVB 5Y;11.5505
1987 June;Swedish Government Bonds;SE GVB 5Y;11.654
1987 July;Swedish Government Bonds;SE GVB 5Y;11.547
1987 August;Swedish Government Bonds;SE GVB 5Y;11.7686
1987 September;Swedish Government Bonds;SE GVB 5Y;11.8423
1987 October;Swedish Government Bonds;SE GVB 5Y;11.7841
1987 November;Swedish Government Bonds;SE GVB 5Y;11.359
1987 December;Swedish Government Bonds;SE GVB 5Y;11.4695
1988 January;Swedish Government Bonds;SE GVB 5Y;11.4763
1988 February;Swedish Government Bonds;SE GVB 5Y;11.0914
1988 March;Swedish Government Bonds;SE GVB 5Y;11.1352
1988 April;Swedish Government Bonds;SE GVB 5Y;11.1595
1988 May;Swedish Government Bonds;SE GVB 5Y;11.336
1988 June;Swedish Government Bonds;SE GVB 5Y;11.081
1988 July;Swedish Government Bonds;SE GVB 5Y;11.1757
1988 August;Swedish Government Bonds;SE GVB 5Y;11.4239
1988 September;Swedish Government Bonds;SE GVB 5Y;11.3609
1988 October;Swedish Government Bonds;SE GVB 5Y;11.2738
1988 November;Swedish Government Bonds;SE GVB 5Y;11.12
1988 December;Swedish Government Bonds;SE GVB 5Y;11.0495
1989 January;Swedish Government Bonds;SE GVB 5Y;10.5657
1989 February;Swedish Government Bonds;SE GVB 5Y;10.6095
1989 March;Swedish Government Bonds;SE GVB 5Y;11.0638
1989 April;Swedish Government Bonds;SE GVB 5Y;11.1745
1989 May;Swedish Government Bonds;SE GVB 5Y;11.1515
1989 June;Swedish Government Bonds;SE GVB 5Y;11.1957
1989 July;Swedish Government Bonds;SE GVB 5Y;11.26
1989 August;Swedish Government Bonds;SE GVB 5Y;11.177
1989 September;Swedish Government Bonds;SE GVB 5Y;11.1667
1989 October;Swedish Government Bonds;SE GVB 5Y;11.4091
1989 November;Swedish Government Bonds;SE GVB 5Y;12.2455
1989 December;Swedish Government Bonds;SE GVB 5Y;12.9605
1990 January;Swedish Government Bonds;SE GVB 5Y;13.2693
1990 February;Swedish Government Bonds;SE GVB 5Y;14.3975
1990 March;Swedish Government Bonds;SE GVB 5Y;14.37
1990 April;Swedish Government Bonds;SE GVB 5Y;14.0374
1990 May;Swedish Government Bonds;SE GVB 5Y;13.6329
1990 June;Swedish Government Bonds;SE GVB 5Y;13.1632
1990 July;Swedish Government Bonds;SE GVB 5Y;13.1291
1990 August;Swedish Government Bonds;SE GVB 5Y;13.5783
1990 September;Swedish Government Bonds;SE GVB 5Y;13.794
1990 October;Swedish Government Bonds;SE GVB 5Y;13.7943
1990 November;Swedish Government Bonds;SE GVB 5Y;13.3259
1990 December;Swedish Government Bonds;SE GVB 5Y;12.7582
1991 January;Swedish Government Bonds;SE GVB 5Y;12.23
1991 February;Swedish Government Bonds;SE GVB 5Y;11.3845
1991 March;Swedish Government Bonds;SE GVB 5Y;11.498
1991 April;Swedish Government Bonds;SE GVB 5Y;11.5457
1991 May;Swedish Government Bonds;SE GVB 5Y;10.9555
1991 June;Swedish Government Bonds;SE GVB 5Y;10.6995
1991 July;Swedish Government Bonds;SE GVB 5Y;10.7513
1991 August;Swedish Government Bonds;SE GVB 5Y;10.7014
1991 September;Swedish Government Bonds;SE GVB 5Y;10.3033
1991 October;Swedish Government Bonds;SE GVB 5Y;10.2565
1991 November;Swedish Government Bonds;SE GVB 5Y;10.2048
1991 December;Swedish Government Bonds;SE GVB 5Y;10.5756
1992 January;Swedish Government Bonds;SE GVB 5Y;9.8233
1992 February;Swedish Government Bonds;SE GVB 5Y;9.8155
1992 March;Swedish Government Bonds;SE GVB 5Y;9.73
1992 April;Swedish Government Bonds;SE GVB 5Y;9.9245
1992 May;Swedish Government Bonds;SE GVB 5Y;9.9674
1992 June;Swedish Government Bonds;SE GVB 5Y;10.116
1992 July;Swedish Government Bonds;SE GVB 5Y;10.3326
1992 August;Swedish Government Bonds;SE GVB 5Y;11.1648
1992 September;Swedish Government Bonds;SE GVB 5Y;12.0564
1992 October;Swedish Government Bonds;SE GVB 5Y;11.6755
1992 November;Swedish Government Bonds;SE GVB 5Y;10.861
1992 December;Swedish Government Bonds;SE GVB 5Y;9.6275
1993 January;Swedish Government Bonds;SE GVB 5Y;9.5647
1993 February;Swedish Government Bonds;SE GVB 5Y;9.0325
1993 March;Swedish Government Bonds;SE GVB 5Y;8.5865
1993 April;Swedish Government Bonds;SE GVB 5Y;8.592
1993 May;Swedish Government Bonds;SE GVB 5Y;8.1721
1993 June;Swedish Government Bonds;SE GVB 5Y;7.7781
1993 July;Swedish Government Bonds;SE GVB 5Y;7.3859
1993 August;Swedish Government Bonds;SE GVB 5Y;6.7545
1993 September;Swedish Government Bonds;SE GVB 5Y;6.9477
1993 October;Swedish Government Bonds;SE GVB 5Y;6.7557
1993 November;Swedish Government Bonds;SE GVB 5Y;6.5886
1993 December;Swedish Government Bonds;SE GVB 5Y;6.4238
1994 January;Swedish Government Bonds;SE GVB 5Y;6.357
1994 February;Swedish Government Bonds;SE GVB 5Y;6.4735
1994 March;Swedish Government Bonds;SE GVB 5Y;7.1704
1994 April;Swedish Government Bonds;SE GVB 5Y;7.9447
1994 May;Swedish Government Bonds;SE GVB 5Y;8.2145
1994 June;Swedish Government Bonds;SE GVB 5Y;9.3548
1994 July;Swedish Government Bonds;SE GVB 5Y;10.259
1994 August;Swedish Government Bonds;SE GVB 5Y;10.8522
1994 September;Swedish Government Bonds;SE GVB 5Y;10.8136
1994 October;Swedish Government Bonds;SE GVB 5Y;10.5343
1994 November;Swedish Government Bonds;SE GVB 5Y;10.5386
1994 December;Swedish Government Bonds;SE GVB 5Y;10.3648
1995 January;Swedish Government Bonds;SE GVB 5Y;10.6276
1995 February;Swedish Government Bonds;SE GVB 5Y;10.2975
1995 March;Swedish Government Bonds;SE GVB 5Y;10.7274
1995 April;Swedish Government Bonds;SE GVB 5Y;10.9106
1995 May;Swedish Government Bonds;SE GVB 5Y;10.3162
1995 June;Swedish Government Bonds;SE GVB 5Y;10.304
1995 July;Swedish Government Bonds;SE GVB 5Y;10.2567
1995 August;Swedish Government Bonds;SE GVB 5Y;9.9178
1995 September;Swedish Government Bonds;SE GVB 5Y;9.4133
1995 October;Swedish Government Bonds;SE GVB 5Y;9.0355
1995 November;Swedish Government Bonds;SE GVB 5Y;8.7059
1995 December;Swedish Government Bonds;SE GVB 5Y;8.3053
1996 January;Swedish Government Bonds;SE GVB 5Y;7.8427
1996 February;Swedish Government Bonds;SE GVB 5Y;8.1376
1996 March;Swedish Government Bonds;SE GVB 5Y;8.1086
1996 April;Swedish Government Bonds;SE GVB 5Y;7.6985
1996 May;Swedish Government Bonds;SE GVB 5Y;7.6965
1996 June;Swedish Government Bonds;SE GVB 5Y;7.5695
1996 July;Swedish Government Bonds;SE GVB 5Y;7.5026
1996 August;Swedish Government Bonds;SE GVB 5Y;7.3395
1996 September;Swedish Government Bonds;SE GVB 5Y;7.0257
1996 October;Swedish Government Bonds;SE GVB 5Y;6.3661
1996 November;Swedish Government Bonds;SE GVB 5Y;6.2695
1996 December;Swedish Government Bonds;SE GVB 5Y;5.7544
1997 January;Swedish Government Bonds;SE GVB 5Y;5.4233
1997 February;Swedish Government Bonds;SE GVB 5Y;5.639
1997 March;Swedish Government Bonds;SE GVB 5Y;6.1968
1997 April;Swedish Government Bonds;SE GVB 5Y;6.30
1997 May;Swedish Government Bonds;SE GVB 5Y;6.1421
1997 June;Swedish Government Bonds;SE GVB 5Y;5.9515
1997 July;Swedish Government Bonds;SE GVB 5Y;5.6717
1997 August;Swedish Government Bonds;SE GVB 5Y;5.8529
1997 September;Swedish Government Bonds;SE GVB 5Y;5.725
1997 October;Swedish Government Bonds;SE GVB 5Y;5.7857
1997 November;Swedish Government Bonds;SE GVB 5Y;5.9125
1997 December;Swedish Government Bonds;SE GVB 5Y;5.7368
1998 January;Swedish Government Bonds;SE GVB 5Y;5.3635
1998 February;Swedish Government Bonds;SE GVB 5Y;5.224
1998 March;Swedish Government Bonds;SE GVB 5Y;5.0886
1998 April;Swedish Government Bonds;SE GVB 5Y;5.024
1998 May;Swedish Government Bonds;SE GVB 5Y;5.0068
1998 June;Swedish Government Bonds;SE GVB 5Y;4.7303
1998 July;Swedish Government Bonds;SE GVB 5Y;4.6443
1998 August;Swedish Government Bonds;SE GVB 5Y;4.6317
1998 September;Swedish Government Bonds;SE GVB 5Y;4.5893
1998 October;Swedish Government Bonds;SE GVB 5Y;4.5256
1998 November;Swedish Government Bonds;SE GVB 5Y;4.1939
1998 December;Swedish Government Bonds;SE GVB 5Y;3.859
1999 January;Swedish Government Bonds;SE GVB 5Y;3.5903
1999 February;Swedish Government Bonds;SE GVB 5Y;3.6726
1999 March;Swedish Government Bonds;SE GVB 5Y;3.8045
1999 April;Swedish Government Bonds;SE GVB 5Y;3.531
1999 May;Swedish Government Bonds;SE GVB 5Y;3.8016
1999 June;Swedish Government Bonds;SE GVB 5Y;4.2826
1999 July;Swedish Government Bonds;SE GVB 5Y;4.8089
1999 August;Swedish Government Bonds;SE GVB 5Y;5.0896
1999 September;Swedish Government Bonds;SE GVB 5Y;5.2877
1999 October;Swedish Government Bonds;SE GVB 5Y;5.5295
1999 November;Swedish Government Bonds;SE GVB 5Y;5.172
1999 December;Swedish Government Bonds;SE GVB 5Y;5.2579
2000 January;Swedish Government Bonds;SE GVB 5Y;5.6793
2000 February;Swedish Government Bonds;SE GVB 5Y;5.7555
2000 March;Swedish Government Bonds;SE GVB 5Y;5.4357
2000 April;Swedish Government Bonds;SE GVB 5Y;5.355
2000 May;Swedish Government Bonds;SE GVB 5Y;5.34
2000 June;Swedish Government Bonds;SE GVB 5Y;5.1637
2000 July;Swedish Government Bonds;SE GVB 5Y;5.319
2000 August;Swedish Government Bonds;SE GVB 5Y;5.2504
2000 September;Swedish Government Bonds;SE GVB 5Y;5.0821
2000 October;Swedish Government Bonds;SE GVB 5Y;5.013
2000 November;Swedish Government Bonds;SE GVB 5Y;4.8998
2000 December;Swedish Government Bonds;SE GVB 5Y;4.6013
2001 January;Swedish Government Bonds;SE GVB 5Y;4.5138
2001 February;Swedish Government Bonds;SE GVB 5Y;4.5073
2001 March;Swedish Government Bonds;SE GVB 5Y;4.3317
2001 April;Swedish Government Bonds;SE GVB 5Y;4.5138
2001 May;Swedish Government Bonds;SE GVB 5Y;4.8181
2001 June;Swedish Government Bonds;SE GVB 5Y;5.0334
2001 July;Swedish Government Bonds;SE GVB 5Y;5.0775
2001 August;Swedish Government Bonds;SE GVB 5Y;4.7741
2001 September;Swedish Government Bonds;SE GVB 5Y;4.7375
2001 October;Swedish Government Bonds;SE GVB 5Y;4.6035
2001 November;Swedish Government Bonds;SE GVB 5Y;4.4911
2001 December;Swedish Government Bonds;SE GVB 5Y;4.8976
2002 January;Swedish Government Bonds;SE GVB 5Y;5.0148
2002 February;Swedish Government Bonds;SE GVB 5Y;5.1785
2002 March;Swedish Government Bonds;SE GVB 5Y;5.4565
2002 April;Swedish Government Bonds;SE GVB 5Y;5.4579
2002 May;Swedish Government Bonds;SE GVB 5Y;5.4505
2002 June;Swedish Government Bonds;SE GVB 5Y;5.265
2002 July;Swedish Government Bonds;SE GVB 5Y;5.0648
2002 August;Swedish Government Bonds;SE GVB 5Y;4.8261
2002 September;Swedish Government Bonds;SE GVB 5Y;4.6231
2002 October;Swedish Government Bonds;SE GVB 5Y;4.6213
2002 November;Swedish Government Bonds;SE GVB 5Y;4.5405
2002 December;Swedish Government Bonds;SE GVB 5Y;4.3876
2003 January;Swedish Government Bonds;SE GVB 5Y;4.2343
2003 February;Swedish Government Bonds;SE GVB 5Y;3.9743
2003 March;Swedish Government Bonds;SE GVB 5Y;4.0326
2003 April;Swedish Government Bonds;SE GVB 5Y;4.1663
2003 May;Swedish Government Bonds;SE GVB 5Y;3.7688
2003 June;Swedish Government Bonds;SE GVB 5Y;3.5308
2003 July;Swedish Government Bonds;SE GVB 5Y;3.853
2003 August;Swedish Government Bonds;SE GVB 5Y;4.1843
2003 September;Swedish Government Bonds;SE GVB 5Y;4.1832
2003 October;Swedish Government Bonds;SE GVB 5Y;4.3133
2003 November;Swedish Government Bonds;SE GVB 5Y;4.4513
2003 December;Swedish Government Bonds;SE GVB 5Y;4.2982
2004 January;Swedish Government Bonds;SE GVB 5Y;4.0038
2004 February;Swedish Government Bonds;SE GVB 5Y;3.8565
2004 March;Swedish Government Bonds;SE GVB 5Y;3.5335
2004 April;Swedish Government Bonds;SE GVB 5Y;3.7548
2004 May;Swedish Government Bonds;SE GVB 5Y;3.97
2004 June;Swedish Government Bonds;SE GVB 5Y;4.0288
2004 July;Swedish Government Bonds;SE GVB 5Y;3.8757
2004 August;Swedish Government Bonds;SE GVB 5Y;3.848
2004 September;Swedish Government Bonds;SE GVB 5Y;3.903
2004 October;Swedish Government Bonds;SE GVB 5Y;3.7495
2004 November;Swedish Government Bonds;SE GVB 5Y;3.6016
2004 December;Swedish Government Bonds;SE GVB 5Y;3.3329
2005 January;Swedish Government Bonds;SE GVB 5Y;3.1558
2005 February;Swedish Government Bonds;SE GVB 5Y;3.0995
2005 March;Swedish Government Bonds;SE GVB 5Y;3.1974
2005 April;Swedish Government Bonds;SE GVB 5Y;2.9698
2005 May;Swedish Government Bonds;SE GVB 5Y;2.7202
2005 June;Swedish Government Bonds;SE GVB 5Y;2.4413
2005 July;Swedish Government Bonds;SE GVB 5Y;2.4024
2005 August;Swedish Government Bonds;SE GVB 5Y;2.565
2005 September;Swedish Government Bonds;SE GVB 5Y;2.4957
2005 October;Swedish Government Bonds;SE GVB 5Y;2.8683
2005 November;Swedish Government Bonds;SE GVB 5Y;3.0839
2005 December;Swedish Government Bonds;SE GVB 5Y;3.1567
2006 January;Swedish Government Bonds;SE GVB 5Y;3.1245
2006 February;Swedish Government Bonds;SE GVB 5Y;3.1683
2006 March;Swedish Government Bonds;SE GVB 5Y;3.30
2006 April;Swedish Government Bonds;SE GVB 5Y;3.5331
2006 May;Swedish Government Bonds;SE GVB 5Y;3.5436
2006 June;Swedish Government Bonds;SE GVB 5Y;3.6695
2006 July;Swedish Government Bonds;SE GVB 5Y;3.7314
2006 August;Swedish Government Bonds;SE GVB 5Y;3.69
2006 September;Swedish Government Bonds;SE GVB 5Y;3.5969
2006 October;Swedish Government Bonds;SE GVB 5Y;3.6373
2006 November;Swedish Government Bonds;SE GVB 5Y;3.5825
2006 December;Swedish Government Bonds;SE GVB 5Y;3.6847
2007 January;Swedish Government Bonds;SE GVB 5Y;3.9061
2007 February;Swedish Government Bonds;SE GVB 5Y;3.9095
2007 March;Swedish Government Bonds;SE GVB 5Y;3.8125
2007 April;Swedish Government Bonds;SE GVB 5Y;4.0726
2007 May;Swedish Government Bonds;SE GVB 5Y;4.201
2007 June;Swedish Government Bonds;SE GVB 5Y;4.4345
2007 July;Swedish Government Bonds;SE GVB 5Y;4.4684
2007 August;Swedish Government Bonds;SE GVB 5Y;4.2435
2007 September;Swedish Government Bonds;SE GVB 5Y;4.1745
2007 October;Swedish Government Bonds;SE GVB 5Y;4.2809
2007 November;Swedish Government Bonds;SE GVB 5Y;4.1275
2007 December;Swedish Government Bonds;SE GVB 5Y;4.1896
2008 January;Swedish Government Bonds;SE GVB 5Y;3.899
2008 February;Swedish Government Bonds;SE GVB 5Y;3.7824
2008 March;Swedish Government Bonds;SE GVB 5Y;3.7603
2008 April;Swedish Government Bonds;SE GVB 5Y;3.9731
2008 May;Swedish Government Bonds;SE GVB 5Y;4.1698
2008 June;Swedish Government Bonds;SE GVB 5Y;4.6096
2008 July;Swedish Government Bonds;SE GVB 5Y;4.6127
2008 August;Swedish Government Bonds;SE GVB 5Y;4.1961
2008 September;Swedish Government Bonds;SE GVB 5Y;3.9418
2008 October;Swedish Government Bonds;SE GVB 5Y;3.3233
2008 November;Swedish Government Bonds;SE GVB 5Y;2.7429
2008 December;Swedish Government Bonds;SE GVB 5Y;2.1081
2009 January;Swedish Government Bonds;SE GVB 5Y;2.2345
2009 February;Swedish Government Bonds;SE GVB 5Y;2.1901
2009 March;Swedish Government Bonds;SE GVB 5Y;2.1715
2009 April;Swedish Government Bonds;SE GVB 5Y;2.3719
2009 May;Swedish Government Bonds;SE GVB 5Y;2.7409
2009 June;Swedish Government Bonds;SE GVB 5Y;2.7577
2009 July;Swedish Government Bonds;SE GVB 5Y;2.5553
2009 August;Swedish Government Bonds;SE GVB 5Y;2.764
2009 September;Swedish Government Bonds;SE GVB 5Y;2.6802
2009 October;Swedish Government Bonds;SE GVB 5Y;2.5797
2009 November;Swedish Government Bonds;SE GVB 5Y;2.517
2009 December;Swedish Government Bonds;SE GVB 5Y;2.6183
2010 January;Swedish Government Bonds;SE GVB 5Y;2.6719
2010 February;Swedish Government Bonds;SE GVB 5Y;2.6152
2010 March;Swedish Government Bonds;SE GVB 5Y;2.5076
2010 April;Swedish Government Bonds;SE GVB 5Y;2.4297
2010 May;Swedish Government Bonds;SE GVB 5Y;2.0715
2010 June;Swedish Government Bonds;SE GVB 5Y;2.039
2010 July;Swedish Government Bonds;SE GVB 5Y;2.1394
2010 August;Swedish Government Bonds;SE GVB 5Y;1.9315
2010 September;Swedish Government Bonds;SE GVB 5Y;2.0349
2010 October;Swedish Government Bonds;SE GVB 5Y;2.1562
2010 November;Swedish Government Bonds;SE GVB 5Y;2.2616
2010 December;Swedish Government Bonds;SE GVB 5Y;2.7149
2011 January;Swedish Government Bonds;SE GVB 5Y;2.9889
2011 February;Swedish Government Bonds;SE GVB 5Y;3.1795
2011 March;Swedish Government Bonds;SE GVB 5Y;3.1736
2011 April;Swedish Government Bonds;SE GVB 5Y;3.1563
2011 May;Swedish Government Bonds;SE GVB 5Y;2.8598
2011 June;Swedish Government Bonds;SE GVB 5Y;2.6241
2011 July;Swedish Government Bonds;SE GVB 5Y;2.4744
2011 August;Swedish Government Bonds;SE GVB 5Y;1.8426
2011 September;Swedish Government Bonds;SE GVB 5Y;1.4757
2011 October;Swedish Government Bonds;SE GVB 5Y;1.554
2011 November;Swedish Government Bonds;SE GVB 5Y;1.2699
2011 December;Swedish Government Bonds;SE GVB 5Y;1.1596
2012 January;Swedish Government Bonds;SE GVB 5Y;1.2942
2012 February;Swedish Government Bonds;SE GVB 5Y;1.435
2012 March;Swedish Government Bonds;SE GVB 5Y;1.5085
2012 April;Swedish Government Bonds;SE GVB 5Y;1.4495
2012 May;Swedish Government Bonds;SE GVB 5Y;1.1452
2012 June;Swedish Government Bonds;SE GVB 5Y;1.084
2012 July;Swedish Government Bonds;SE GVB 5Y;0.9841
2012 August;Swedish Government Bonds;SE GVB 5Y;1.068
2012 September;Swedish Government Bonds;SE GVB 5Y;1.0323
2012 October;Swedish Government Bonds;SE GVB 5Y;1.0014
2012 November;Swedish Government Bonds;SE GVB 5Y;0.9432
2012 December;Swedish Government Bonds;SE GVB 5Y;0.9601
2013 January;Swedish Government Bonds;SE GVB 5Y;1.2129
2013 February;Swedish Government Bonds;SE GVB 5Y;1.3978
2013 March;Swedish Government Bonds;SE GVB 5Y;1.4174
2013 April;Swedish Government Bonds;SE GVB 5Y;1.2723
2013 May;Swedish Government Bonds;SE GVB 5Y;1.3068
2013 June;Swedish Government Bonds;SE GVB 5Y;1.5537
2013 July;Swedish Government Bonds;SE GVB 5Y;1.629
2013 August;Swedish Government Bonds;SE GVB 5Y;1.8051
2013 September;Swedish Government Bonds;SE GVB 5Y;2.0101
2013 October;Swedish Government Bonds;SE GVB 5Y;1.8166
2013 November;Swedish Government Bonds;SE GVB 5Y;1.6377
2013 December;Swedish Government Bonds;SE GVB 5Y;1.6802
2014 January;Swedish Government Bonds;SE GVB 5Y;1.6683
2014 February;Swedish Government Bonds;SE GVB 5Y;1.515
2014 March;Swedish Government Bonds;SE GVB 5Y;1.4474
2014 April;Swedish Government Bonds;SE GVB 5Y;1.3183
2014 May;Swedish Government Bonds;SE GVB 5Y;1.151
2014 June;Swedish Government Bonds;SE GVB 5Y;1.0291
2014 July;Swedish Government Bonds;SE GVB 5Y;0.8116
2014 August;Swedish Government Bonds;SE GVB 5Y;0.7004
2014 September;Swedish Government Bonds;SE GVB 5Y;0.5981
2014 October;Swedish Government Bonds;SE GVB 5Y;0.4036
2014 November;Swedish Government Bonds;SE GVB 5Y;0.2561
2014 December;Swedish Government Bonds;SE GVB 5Y;0.1713
2015 January;Swedish Government Bonds;SE GVB 5Y;0.3143
2015 February;Swedish Government Bonds;SE GVB 5Y;0.1166
2015 March;Swedish Government Bonds;SE GVB 5Y;0.1381
2015 April;Swedish Government Bonds;SE GVB 5Y;-0.0096
2015 May;Swedish Government Bonds;SE GVB 5Y;0.2406
2015 June;Swedish Government Bonds;SE GVB 5Y;0.3966
2015 July;Swedish Government Bonds;SE GVB 5Y;0.162
2015 August;Swedish Government Bonds;SE GVB 5Y;0.048
2015 September;Swedish Government Bonds;SE GVB 5Y;0.0474
2015 October;Swedish Government Bonds;SE GVB 5Y;0.038
2015 November;Swedish Government Bonds;SE GVB 5Y;0.1213
2015 December;Swedish Government Bonds;SE GVB 5Y;0.2245
2016 January;Swedish Government Bonds;SE GVB 5Y;0.0798
2016 February;Swedish Government Bonds;SE GVB 5Y;-0.1154
2016 March;Swedish Government Bonds;SE GVB 5Y;-0.094
2016 April;Swedish Government Bonds;SE GVB 5Y;-0.1038
2016 May;Swedish Government Bonds;SE GVB 5Y;-0.1659
2016 June;Swedish Government Bonds;SE GVB 5Y;-0.3476
2016 July;Swedish Government Bonds;SE GVB 5Y;-0.481
2016 August;Swedish Government Bonds;SE GVB 5Y;-0.5256
2016 September;Swedish Government Bonds;SE GVB 5Y;-0.332
2016 October;Swedish Government Bonds;SE GVB 5Y;-0.3175
1987 January;Swedish Government Bonds;SE GVB 7Y;11.7211
1987 February;Swedish Government Bonds;SE GVB 7Y;11.4115
1987 March;Swedish Government Bonds;SE GVB 7Y;11.0891
1987 April;Swedish Government Bonds;SE GVB 7Y;11.1345
1987 May;Swedish Government Bonds;SE GVB 7Y;11.6974
1987 June;Swedish Government Bonds;SE GVB 7Y;11.745
1987 July;Swedish Government Bonds;SE GVB 7Y;11.65
1987 August;Swedish Government Bonds;SE GVB 7Y;11.8733
1987 September;Swedish Government Bonds;SE GVB 7Y;11.9468
1987 October;Swedish Government Bonds;SE GVB 7Y;11.8995
1987 November;Swedish Government Bonds;SE GVB 7Y;11.4876
1987 December;Swedish Government Bonds;SE GVB 7Y;11.6145
1988 January;Swedish Government Bonds;SE GVB 7Y;11.6011
1988 February;Swedish Government Bonds;SE GVB 7Y;11.2219
1988 March;Swedish Government Bonds;SE GVB 7Y;11.2713
1988 April;Swedish Government Bonds;SE GVB 7Y;11.3063
1988 May;Swedish Government Bonds;SE GVB 7Y;11.4865
1988 June;Swedish Government Bonds;SE GVB 7Y;11.2167
1988 July;Swedish Government Bonds;SE GVB 7Y;11.291
1988 August;Swedish Government Bonds;SE GVB 7Y;11.523
1988 September;Swedish Government Bonds;SE GVB 7Y;11.4295
1988 October;Swedish Government Bonds;SE GVB 7Y;11.3295
1988 November;Swedish Government Bonds;SE GVB 7Y;11.0777
1988 December;Swedish Government Bonds;SE GVB 7Y;10.9895
1989 January;Swedish Government Bonds;SE GVB 7Y;10.5505
1989 February;Swedish Government Bonds;SE GVB 7Y;10.595
1989 March;Swedish Government Bonds;SE GVB 7Y;11.0214
1989 April;Swedish Government Bonds;SE GVB 7Y;11.1385
1989 May;Swedish Government Bonds;SE GVB 7Y;11.1255
1989 June;Swedish Government Bonds;SE GVB 7Y;11.1743
1989 July;Swedish Government Bonds;SE GVB 7Y;11.2481
1989 August;Swedish Government Bonds;SE GVB 7Y;11.1183
1989 September;Swedish Government Bonds;SE GVB 7Y;11.0857
1989 October;Swedish Government Bonds;SE GVB 7Y;11.3073
1989 November;Swedish Government Bonds;SE GVB 7Y;12.2082
1989 December;Swedish Government Bonds;SE GVB 7Y;12.8558
1990 January;Swedish Government Bonds;SE GVB 7Y;13.076
1990 February;Swedish Government Bonds;SE GVB 7Y;14.0838
1990 March;Swedish Government Bonds;SE GVB 7Y;14.125
1990 April;Swedish Government Bonds;SE GVB 7Y;13.8942
1990 May;Swedish Government Bonds;SE GVB 7Y;13.4767
1990 June;Swedish Government Bonds;SE GVB 7Y;13.0705
1990 July;Swedish Government Bonds;SE GVB 7Y;12.9836
1990 August;Swedish Government Bonds;SE GVB 7Y;13.4657
1990 September;Swedish Government Bonds;SE GVB 7Y;13.6215
1990 October;Swedish Government Bonds;SE GVB 7Y;13.5835
1990 November;Swedish Government Bonds;SE GVB 7Y;13.0964
1990 December;Swedish Government Bonds;SE GVB 7Y;12.5553
1991 January;Swedish Government Bonds;SE GVB 7Y;12.0845
1991 February;Swedish Government Bonds;SE GVB 7Y;11.2995
1991 March;Swedish Government Bonds;SE GVB 7Y;11.448
1991 April;Swedish Government Bonds;SE GVB 7Y;11.4824
1991 May;Swedish Government Bonds;SE GVB 7Y;10.9215
1991 June;Swedish Government Bonds;SE GVB 7Y;10.6895
1991 July;Swedish Government Bonds;SE GVB 7Y;10.7348
1991 August;Swedish Government Bonds;SE GVB 7Y;10.7005
1991 September;Swedish Government Bonds;SE GVB 7Y;10.2886
1991 October;Swedish Government Bonds;SE GVB 7Y;10.1683
1991 November;Swedish Government Bonds;SE GVB 7Y;10.0838
1991 December;Swedish Government Bonds;SE GVB 7Y;10.3939
1992 January;Swedish Government Bonds;SE GVB 7Y;9.6529
1992 February;Swedish Government Bonds;SE GVB 7Y;9.581
1992 March;Swedish Government Bonds;SE GVB 7Y;9.4986
1992 April;Swedish Government Bonds;SE GVB 7Y;9.6625
1992 May;Swedish Government Bonds;SE GVB 7Y;9.6842
1992 June;Swedish Government Bonds;SE GVB 7Y;9.821
1992 July;Swedish Government Bonds;SE GVB 7Y;10.0357
1992 August;Swedish Government Bonds;SE GVB 7Y;10.8367
1992 September;Swedish Government Bonds;SE GVB 7Y;11.5591
1992 October;Swedish Government Bonds;SE GVB 7Y;11.3082
1992 November;Swedish Government Bonds;SE GVB 7Y;10.7162
1992 December;Swedish Government Bonds;SE GVB 7Y;9.688
1993 January;Swedish Government Bonds;SE GVB 7Y;9.8037
1993 February;Swedish Government Bonds;SE GVB 7Y;9.2765
1993 March;Swedish Government Bonds;SE GVB 7Y;8.9178
1993 April;Swedish Government Bonds;SE GVB 7Y;8.9095
1993 May;Swedish Government Bonds;SE GVB 7Y;8.5432
1993 June;Swedish Government Bonds;SE GVB 7Y;8.1081
1993 July;Swedish Government Bonds;SE GVB 7Y;7.7018
1993 August;Swedish Government Bonds;SE GVB 7Y;7.0809
1993 September;Swedish Government Bonds;SE GVB 7Y;7.2809
1993 October;Swedish Government Bonds;SE GVB 7Y;7.0724
1993 November;Swedish Government Bonds;SE GVB 7Y;6.9223
1993 December;Swedish Government Bonds;SE GVB 7Y;6.6938
1994 January;Swedish Government Bonds;SE GVB 7Y;6.6195
1994 February;Swedish Government Bonds;SE GVB 7Y;6.7435
1994 March;Swedish Government Bonds;SE GVB 7Y;7.4352
1994 April;Swedish Government Bonds;SE GVB 7Y;8.2147
1994 May;Swedish Government Bonds;SE GVB 7Y;8.52
1994 June;Swedish Government Bonds;SE GVB 7Y;9.6076
1994 July;Swedish Government Bonds;SE GVB 7Y;10.5124
1994 August;Swedish Government Bonds;SE GVB 7Y;11.1104
1994 September;Swedish Government Bonds;SE GVB 7Y;11.1159
1994 October;Swedish Government Bonds;SE GVB 7Y;10.8143
1994 November;Swedish Government Bonds;SE GVB 7Y;10.7745
1994 December;Swedish Government Bonds;SE GVB 7Y;10.5843
1995 January;Swedish Government Bonds;SE GVB 7Y;10.6995
1995 February;Swedish Government Bonds;SE GVB 7Y;10.402
1995 March;Swedish Government Bonds;SE GVB 7Y;10.8535
1995 April;Swedish Government Bonds;SE GVB 7Y;11.0556
1995 May;Swedish Government Bonds;SE GVB 7Y;10.4457
1995 June;Swedish Government Bonds;SE GVB 7Y;10.3835
1995 July;Swedish Government Bonds;SE GVB 7Y;10.3286
1995 August;Swedish Government Bonds;SE GVB 7Y;9.993
1995 September;Swedish Government Bonds;SE GVB 7Y;9.471
1995 October;Swedish Government Bonds;SE GVB 7Y;9.1132
1995 November;Swedish Government Bonds;SE GVB 7Y;8.7709
1995 December;Swedish Government Bonds;SE GVB 7Y;8.3583
1996 January;Swedish Government Bonds;SE GVB 7Y;8.0536
1996 February;Swedish Government Bonds;SE GVB 7Y;8.4619
1996 March;Swedish Government Bonds;SE GVB 7Y;8.461
1996 April;Swedish Government Bonds;SE GVB 7Y;8.051
1996 May;Swedish Government Bonds;SE GVB 7Y;8.106
1996 June;Swedish Government Bonds;SE GVB 7Y;8.0226
1996 July;Swedish Government Bonds;SE GVB 7Y;7.9478
1996 August;Swedish Government Bonds;SE GVB 7Y;7.7923
1996 September;Swedish Government Bonds;SE GVB 7Y;7.4695
1996 October;Swedish Government Bonds;SE GVB 7Y;6.8335
1996 November;Swedish Government Bonds;SE GVB 7Y;6.759
1996 December;Swedish Government Bonds;SE GVB 7Y;6.2778
1997 January;Swedish Government Bonds;SE GVB 7Y;6.001
1997 February;Swedish Government Bonds;SE GVB 7Y;5.9865
1997 March;Swedish Government Bonds;SE GVB 7Y;6.4137
1997 April;Swedish Government Bonds;SE GVB 7Y;6.5432
1997 May;Swedish Government Bonds;SE GVB 7Y;6.3779
1997 June;Swedish Government Bonds;SE GVB 7Y;6.1815
1997 July;Swedish Government Bonds;SE GVB 7Y;5.8891
1997 August;Swedish Government Bonds;SE GVB 7Y;6.031
1997 September;Swedish Government Bonds;SE GVB 7Y;5.8859
1997 October;Swedish Government Bonds;SE GVB 7Y;5.8922
1997 November;Swedish Government Bonds;SE GVB 7Y;6.007
1997 December;Swedish Government Bonds;SE GVB 7Y;5.7963
1998 January;Swedish Government Bonds;SE GVB 7Y;5.5242
1998 February;Swedish Government Bonds;SE GVB 7Y;5.3915
1998 March;Swedish Government Bonds;SE GVB 7Y;5.2118
1998 April;Swedish Government Bonds;SE GVB 7Y;5.0795
1998 May;Swedish Government Bonds;SE GVB 7Y;5.0689
1998 June;Swedish Government Bonds;SE GVB 7Y;4.8168
1998 July;Swedish Government Bonds;SE GVB 7Y;4.7374
1998 August;Swedish Government Bonds;SE GVB 7Y;4.6962
1998 September;Swedish Government Bonds;SE GVB 7Y;4.6605
1998 October;Swedish Government Bonds;SE GVB 7Y;4.5905
1998 November;Swedish Government Bonds;SE GVB 7Y;4.3117
1998 December;Swedish Government Bonds;SE GVB 7Y;3.9813
1999 January;Swedish Government Bonds;SE GVB 7Y;3.8674
1999 February;Swedish Government Bonds;SE GVB 7Y;4.0123
1999 March;Swedish Government Bonds;SE GVB 7Y;4.2469
1999 April;Swedish Government Bonds;SE GVB 7Y;3.9893
1999 May;Swedish Government Bonds;SE GVB 7Y;4.2621
1999 June;Swedish Government Bonds;SE GVB 7Y;4.671
1999 July;Swedish Government Bonds;SE GVB 7Y;5.12
1999 August;Swedish Government Bonds;SE GVB 7Y;5.3915
1999 September;Swedish Government Bonds;SE GVB 7Y;5.5984
1999 October;Swedish Government Bonds;SE GVB 7Y;5.8281
1999 November;Swedish Government Bonds;SE GVB 7Y;5.4561
1999 December;Swedish Government Bonds;SE GVB 7Y;5.489
2000 January;Swedish Government Bonds;SE GVB 7Y;5.8675
2000 February;Swedish Government Bonds;SE GVB 7Y;5.856
2000 March;Swedish Government Bonds;SE GVB 7Y;5.4865
2000 April;Swedish Government Bonds;SE GVB 7Y;5.4081
2000 May;Swedish Government Bonds;SE GVB 7Y;5.3736
2000 June;Swedish Government Bonds;SE GVB 7Y;5.1745
2000 July;Swedish Government Bonds;SE GVB 7Y;5.3352
2000 August;Swedish Government Bonds;SE GVB 7Y;5.3154
2000 September;Swedish Government Bonds;SE GVB 7Y;5.2105
2000 October;Swedish Government Bonds;SE GVB 7Y;5.1757
2000 November;Swedish Government Bonds;SE GVB 7Y;5.04
2000 December;Swedish Government Bonds;SE GVB 7Y;4.7405
2001 January;Swedish Government Bonds;SE GVB 7Y;4.7206
2001 February;Swedish Government Bonds;SE GVB 7Y;4.7126
2001 March;Swedish Government Bonds;SE GVB 7Y;4.59
2001 April;Swedish Government Bonds;SE GVB 7Y;4.7791
2001 May;Swedish Government Bonds;SE GVB 7Y;5.1157
2001 June;Swedish Government Bonds;SE GVB 7Y;5.2571
2001 July;Swedish Government Bonds;SE GVB 7Y;5.2991
2001 August;Swedish Government Bonds;SE GVB 7Y;5.0124
2001 September;Swedish Government Bonds;SE GVB 7Y;5.0393
2001 October;Swedish Government Bonds;SE GVB 7Y;4.923
2001 November;Swedish Government Bonds;SE GVB 7Y;4.757
2001 December;Swedish Government Bonds;SE GVB 7Y;5.0882
2002 January;Swedish Government Bonds;SE GVB 7Y;5.1652
2002 February;Swedish Government Bonds;SE GVB 7Y;5.2814
2002 March;Swedish Government Bonds;SE GVB 7Y;5.548
2002 April;Swedish Government Bonds;SE GVB 7Y;5.559
2002 May;Swedish Government Bonds;SE GVB 7Y;5.5605
2002 June;Swedish Government Bonds;SE GVB 7Y;5.3884
2002 July;Swedish Government Bonds;SE GVB 7Y;5.203
2002 August;Swedish Government Bonds;SE GVB 7Y;4.9614
2002 September;Swedish Government Bonds;SE GVB 7Y;4.7743
2002 October;Swedish Government Bonds;SE GVB 7Y;4.8022
2002 November;Swedish Government Bonds;SE GVB 7Y;4.7507
2002 December;Swedish Government Bonds;SE GVB 7Y;4.5948
2003 January;Swedish Government Bonds;SE GVB 7Y;4.3612
2003 February;Swedish Government Bonds;SE GVB 7Y;4.1075
2003 March;Swedish Government Bonds;SE GVB 7Y;4.1702
2003 April;Swedish Government Bonds;SE GVB 7Y;4.297
2003 May;Swedish Government Bonds;SE GVB 7Y;3.9023
2003 June;Swedish Government Bonds;SE GVB 7Y;3.7905
2003 July;Swedish Government Bonds;SE GVB 7Y;4.1972
2003 August;Swedish Government Bonds;SE GVB 7Y;4.4536
2003 September;Swedish Government Bonds;SE GVB 7Y;4.482
2003 October;Swedish Government Bonds;SE GVB 7Y;4.5993
2003 November;Swedish Government Bonds;SE GVB 7Y;4.7408
2003 December;Swedish Government Bonds;SE GVB 7Y;4.6024
2004 January;Swedish Government Bonds;SE GVB 7Y;4.4605
2004 February;Swedish Government Bonds;SE GVB 7Y;4.4158
2004 March;Swedish Government Bonds;SE GVB 7Y;4.1557
2004 April;Swedish Government Bonds;SE GVB 7Y;4.3983
2004 May;Swedish Government Bonds;SE GVB 7Y;4.5526
2004 June;Swedish Government Bonds;SE GVB 7Y;4.595
2004 July;Swedish Government Bonds;SE GVB 7Y;4.4484
2004 August;Swedish Government Bonds;SE GVB 7Y;4.2941
2004 September;Swedish Government Bonds;SE GVB 7Y;4.262
2004 October;Swedish Government Bonds;SE GVB 7Y;4.1298
2004 November;Swedish Government Bonds;SE GVB 7Y;4.0127
2004 December;Swedish Government Bonds;SE GVB 7Y;3.7574
2005 January;Swedish Government Bonds;SE GVB 7Y;3.58
2005 February;Swedish Government Bonds;SE GVB 7Y;3.508
2005 March;Swedish Government Bonds;SE GVB 7Y;3.6081
2005 April;Swedish Government Bonds;SE GVB 7Y;3.3457
2005 May;Swedish Government Bonds;SE GVB 7Y;3.0967
2005 June;Swedish Government Bonds;SE GVB 7Y;2.8533
2005 July;Swedish Government Bonds;SE GVB 7Y;2.8133
2005 August;Swedish Government Bonds;SE GVB 7Y;2.9307
2005 September;Swedish Government Bonds;SE GVB 7Y;2.8182
2005 October;Swedish Government Bonds;SE GVB 7Y;3.0074
2005 November;Swedish Government Bonds;SE GVB 7Y;3.22
2005 December;Swedish Government Bonds;SE GVB 7Y;3.2617
2006 January;Swedish Government Bonds;SE GVB 7Y;3.2119
2006 February;Swedish Government Bonds;SE GVB 7Y;3.27
2006 March;Swedish Government Bonds;SE GVB 7Y;3.4048
2006 April;Swedish Government Bonds;SE GVB 7Y;3.6544
2006 May;Swedish Government Bonds;SE GVB 7Y;3.6726
2006 June;Swedish Government Bonds;SE GVB 7Y;3.776
2006 July;Swedish Government Bonds;SE GVB 7Y;3.834
2006 August;Swedish Government Bonds;SE GVB 7Y;3.76
2006 September;Swedish Government Bonds;SE GVB 7Y;3.6443
2006 October;Swedish Government Bonds;SE GVB 7Y;3.6811
2006 November;Swedish Government Bonds;SE GVB 7Y;3.6073
2006 December;Swedish Government Bonds;SE GVB 7Y;3.6947
2007 January;Swedish Government Bonds;SE GVB 7Y;3.9048
2007 February;Swedish Government Bonds;SE GVB 7Y;3.9168
2007 March;Swedish Government Bonds;SE GVB 7Y;3.8125
2007 April;Swedish Government Bonds;SE GVB 7Y;4.0674
2007 May;Swedish Government Bonds;SE GVB 7Y;4.1907
2007 June;Swedish Government Bonds;SE GVB 7Y;4.4389
2007 July;Swedish Government Bonds;SE GVB 7Y;4.4634
2007 August;Swedish Government Bonds;SE GVB 7Y;4.2459
2007 September;Swedish Government Bonds;SE GVB 7Y;4.192
2007 October;Swedish Government Bonds;SE GVB 7Y;4.2976
2007 November;Swedish Government Bonds;SE GVB 7Y;4.1617
2007 December;Swedish Government Bonds;SE GVB 7Y;4.2345
2008 January;Swedish Government Bonds;SE GVB 7Y;3.956
2008 February;Swedish Government Bonds;SE GVB 7Y;3.8587
2008 March;Swedish Government Bonds;SE GVB 7Y;3.8107
2008 April;Swedish Government Bonds;SE GVB 7Y;4.0025
2008 May;Swedish Government Bonds;SE GVB 7Y;4.1867
2008 June;Swedish Government Bonds;SE GVB 7Y;4.5139
2008 July;Swedish Government Bonds;SE GVB 7Y;4.4707
2008 August;Swedish Government Bonds;SE GVB 7Y;4.1292
2008 September;Swedish Government Bonds;SE GVB 7Y;3.8926
2008 October;Swedish Government Bonds;SE GVB 7Y;3.4761
2008 November;Swedish Government Bonds;SE GVB 7Y;3.0814
2008 December;Swedish Government Bonds;SE GVB 7Y;2.4661
2009 January;Swedish Government Bonds;SE GVB 7Y;2.4583
2009 February;Swedish Government Bonds;SE GVB 7Y;2.4711
2009 March;Swedish Government Bonds;SE GVB 7Y;2.4428
2009 April;Swedish Government Bonds;SE GVB 7Y;2.6541
2009 May;Swedish Government Bonds;SE GVB 7Y;3.0437
2009 June;Swedish Government Bonds;SE GVB 7Y;3.1042
2009 July;Swedish Government Bonds;SE GVB 7Y;2.8966
2009 August;Swedish Government Bonds;SE GVB 7Y;3.0481
2009 September;Swedish Government Bonds;SE GVB 7Y;2.9712
2009 October;Swedish Government Bonds;SE GVB 7Y;2.8565
2009 November;Swedish Government Bonds;SE GVB 7Y;2.8079
2009 December;Swedish Government Bonds;SE GVB 7Y;2.7473
2010 January;Swedish Government Bonds;SE GVB 7Y;2.8964
2010 February;Swedish Government Bonds;SE GVB 7Y;2.8253
2010 March;Swedish Government Bonds;SE GVB 7Y;2.7164
2010 April;Swedish Government Bonds;SE GVB 7Y;2.6261
2010 May;Swedish Government Bonds;SE GVB 7Y;2.2538
2010 June;Swedish Government Bonds;SE GVB 7Y;2.2027
2010 July;Swedish Government Bonds;SE GVB 7Y;2.2988
2010 August;Swedish Government Bonds;SE GVB 7Y;2.0642
2010 September;Swedish Government Bonds;SE GVB 7Y;2.172
2010 October;Swedish Government Bonds;SE GVB 7Y;2.3089
2010 November;Swedish Government Bonds;SE GVB 7Y;2.4649
2010 December;Swedish Government Bonds;SE GVB 7Y;2.965
2011 January;Swedish Government Bonds;SE GVB 7Y;3.098
2011 February;Swedish Government Bonds;SE GVB 7Y;3.2602
2011 March;Swedish Government Bonds;SE GVB 7Y;3.2463
2011 April;Swedish Government Bonds;SE GVB 7Y;3.2337
2011 May;Swedish Government Bonds;SE GVB 7Y;2.9355
2011 June;Swedish Government Bonds;SE GVB 7Y;2.7354
2011 July;Swedish Government Bonds;SE GVB 7Y;2.6038
2011 August;Swedish Government Bonds;SE GVB 7Y;2.0026
2011 September;Swedish Government Bonds;SE GVB 7Y;1.6414
2011 October;Swedish Government Bonds;SE GVB 7Y;1.7059
2011 November;Swedish Government Bonds;SE GVB 7Y;1.4546
2011 December;Swedish Government Bonds;SE GVB 7Y;1.2789
2012 January;Swedish Government Bonds;SE GVB 7Y;1.4648
2012 February;Swedish Government Bonds;SE GVB 7Y;1.6309
2012 March;Swedish Government Bonds;SE GVB 7Y;1.6965
2012 April;Swedish Government Bonds;SE GVB 7Y;1.5931
2012 May;Swedish Government Bonds;SE GVB 7Y;1.2814
2012 June;Swedish Government Bonds;SE GVB 7Y;1.2097
2012 July;Swedish Government Bonds;SE GVB 7Y;1.0955
2012 August;Swedish Government Bonds;SE GVB 7Y;1.1934
2012 September;Swedish Government Bonds;SE GVB 7Y;1.1953
2012 October;Swedish Government Bonds;SE GVB 7Y;1.1883
2012 November;Swedish Government Bonds;SE GVB 7Y;1.1285
2012 December;Swedish Government Bonds;SE GVB 7Y;1.1666
2013 January;Swedish Government Bonds;SE GVB 7Y;1.4497
2013 February;Swedish Government Bonds;SE GVB 7Y;1.6561
2013 March;Swedish Government Bonds;SE GVB 7Y;1.6347
2013 April;Swedish Government Bonds;SE GVB 7Y;1.4259
2013 May;Swedish Government Bonds;SE GVB 7Y;1.522
2013 June;Swedish Government Bonds;SE GVB 7Y;1.7821
2013 July;Swedish Government Bonds;SE GVB 7Y;1.8636
2013 August;Swedish Government Bonds;SE GVB 7Y;2.0329
2013 September;Swedish Government Bonds;SE GVB 7Y;2.2729
2013 October;Swedish Government Bonds;SE GVB 7Y;2.0895
2013 November;Swedish Government Bonds;SE GVB 7Y;1.9191
2013 December;Swedish Government Bonds;SE GVB 7Y;1.9988
2014 January;Swedish Government Bonds;SE GVB 7Y;1.9871
2014 February;Swedish Government Bonds;SE GVB 7Y;1.8403
2014 March;Swedish Government Bonds;SE GVB 7Y;1.7611
2014 April;Swedish Government Bonds;SE GVB 7Y;1.6395
2014 May;Swedish Government Bonds;SE GVB 7Y;1.4649
2014 June;Swedish Government Bonds;SE GVB 7Y;1.3602
2014 July;Swedish Government Bonds;SE GVB 7Y;1.141
2014 August;Swedish Government Bonds;SE GVB 7Y;1.0132
2014 September;Swedish Government Bonds;SE GVB 7Y;0.9269
2014 October;Swedish Government Bonds;SE GVB 7Y;0.728
2014 November;Swedish Government Bonds;SE GVB 7Y;0.5716
2014 December;Swedish Government Bonds;SE GVB 7Y;0.4658
2015 January;Swedish Government Bonds;SE GVB 7Y;0.4935
2015 February;Swedish Government Bonds;SE GVB 7Y;0.319
2015 March;Swedish Government Bonds;SE GVB 7Y;0.3263
2015 April;Swedish Government Bonds;SE GVB 7Y;0.1362
2015 May;Swedish Government Bonds;SE GVB 7Y;0.4748
2015 June;Swedish Government Bonds;SE GVB 7Y;0.673
2015 July;Swedish Government Bonds;SE GVB 7Y;0.4439
2015 August;Swedish Government Bonds;SE GVB 7Y;0.2946
2015 September;Swedish Government Bonds;SE GVB 7Y;0.3066
2015 October;Swedish Government Bonds;SE GVB 7Y;0.2887
2015 November;Swedish Government Bonds;SE GVB 7Y;0.3944
2015 December;Swedish Government Bonds;SE GVB 7Y;0.5242
2016 January;Swedish Government Bonds;SE GVB 7Y;0.3663
2016 February;Swedish Government Bonds;SE GVB 7Y;0.1405
2016 March;Swedish Government Bonds;SE GVB 7Y;0.183
2016 April;Swedish Government Bonds;SE GVB 7Y;0.1907
2016 May;Swedish Government Bonds;SE GVB 7Y;0.1451
2016 June;Swedish Government Bonds;SE GVB 7Y;-0.0829
2016 July;Swedish Government Bonds;SE GVB 7Y;-0.3042
2016 August;Swedish Government Bonds;SE GVB 7Y;-0.3711
2016 September;Swedish Government Bonds;SE GVB 7Y;-0.1863
2016 October;Swedish Government Bonds;SE GVB 7Y;-0.165
1987 January;Swedish Government Bonds;SE GVB 10Y;11.7385
1987 February;Swedish Government Bonds;SE GVB 10Y;11.50
1987 March;Swedish Government Bonds;SE GVB 10Y;11.2586
1987 April;Swedish Government Bonds;SE GVB 10Y;11.2385
1987 May;Swedish Government Bonds;SE GVB 10Y;11.8153
1987 June;Swedish Government Bonds;SE GVB 10Y;11.812
1987 July;Swedish Government Bonds;SE GVB 10Y;11.797
1987 August;Swedish Government Bonds;SE GVB 10Y;11.9981
1987 September;Swedish Government Bonds;SE GVB 10Y;12.0527
1987 October;Swedish Government Bonds;SE GVB 10Y;12.0264
1987 November;Swedish Government Bonds;SE GVB 10Y;11.6219
1987 December;Swedish Government Bonds;SE GVB 10Y;11.7355
1988 January;Swedish Government Bonds;SE GVB 10Y;11.6853
1988 February;Swedish Government Bonds;SE GVB 10Y;11.3162
1988 March;Swedish Government Bonds;SE GVB 10Y;11.3574
1988 April;Swedish Government Bonds;SE GVB 10Y;11.3826
1988 May;Swedish Government Bonds;SE GVB 10Y;11.56
1988 June;Swedish Government Bonds;SE GVB 10Y;11.32
1988 July;Swedish Government Bonds;SE GVB 10Y;11.3919
1988 August;Swedish Government Bonds;SE GVB 10Y;11.5909
1988 September;Swedish Government Bonds;SE GVB 10Y;11.5023
1988 October;Swedish Government Bonds;SE GVB 10Y;11.3895
1988 November;Swedish Government Bonds;SE GVB 10Y;11.0809
1988 December;Swedish Government Bonds;SE GVB 10Y;10.96
1989 January;Swedish Government Bonds;SE GVB 10Y;10.5048
1989 February;Swedish Government Bonds;SE GVB 10Y;10.545
1989 March;Swedish Government Bonds;SE GVB 10Y;10.9519
1989 April;Swedish Government Bonds;SE GVB 10Y;11.077
1989 May;Swedish Government Bonds;SE GVB 10Y;11.0765
1989 June;Swedish Government Bonds;SE GVB 10Y;11.1467
1989 July;Swedish Government Bonds;SE GVB 10Y;11.2314
1989 August;Swedish Government Bonds;SE GVB 10Y;11.0448
1989 September;Swedish Government Bonds;SE GVB 10Y;11.0062
1989 October;Swedish Government Bonds;SE GVB 10Y;11.2027
1989 November;Swedish Government Bonds;SE GVB 10Y;12.1541
1989 December;Swedish Government Bonds;SE GVB 10Y;12.5842
1990 January;Swedish Government Bonds;SE GVB 10Y;12.8987
1990 February;Swedish Government Bonds;SE GVB 10Y;13.7388
1990 March;Swedish Government Bonds;SE GVB 10Y;13.7764
1990 April;Swedish Government Bonds;SE GVB 10Y;13.6663
1990 May;Swedish Government Bonds;SE GVB 10Y;13.3057
1990 June;Swedish Government Bonds;SE GVB 10Y;12.9163
1990 July;Swedish Government Bonds;SE GVB 10Y;12.845
1990 August;Swedish Government Bonds;SE GVB 10Y;13.293
1990 September;Swedish Government Bonds;SE GVB 10Y;13.3835
1990 October;Swedish Government Bonds;SE GVB 10Y;13.2804
1990 November;Swedish Government Bonds;SE GVB 10Y;12.8268
1990 December;Swedish Government Bonds;SE GVB 10Y;12.33
1991 January;Swedish Government Bonds;SE GVB 10Y;11.8845
1991 February;Swedish Government Bonds;SE GVB 10Y;11.179
1991 March;Swedish Government Bonds;SE GVB 10Y;11.3615
1991 April;Swedish Government Bonds;SE GVB 10Y;11.3729
1991 May;Swedish Government Bonds;SE GVB 10Y;10.8225
1991 June;Swedish Government Bonds;SE GVB 10Y;10.6295
1991 July;Swedish Government Bonds;SE GVB 10Y;10.637
1991 August;Swedish Government Bonds;SE GVB 10Y;10.6455
1991 September;Swedish Government Bonds;SE GVB 10Y;10.2138
1991 October;Swedish Government Bonds;SE GVB 10Y;10.0296
1991 November;Swedish Government Bonds;SE GVB 10Y;9.8738
1991 December;Swedish Government Bonds;SE GVB 10Y;10.03
1992 January;Swedish Government Bonds;SE GVB 10Y;9.5433
1992 February;Swedish Government Bonds;SE GVB 10Y;9.4545
1992 March;Swedish Government Bonds;SE GVB 10Y;9.4155
1992 April;Swedish Government Bonds;SE GVB 10Y;9.5515
1992 May;Swedish Government Bonds;SE GVB 10Y;9.5447
1992 June;Swedish Government Bonds;SE GVB 10Y;9.646
1992 July;Swedish Government Bonds;SE GVB 10Y;9.8591
1992 August;Swedish Government Bonds;SE GVB 10Y;10.5976
1992 September;Swedish Government Bonds;SE GVB 10Y;11.2155
1992 October;Swedish Government Bonds;SE GVB 10Y;10.9841
1992 November;Swedish Government Bonds;SE GVB 10Y;10.6295
1992 December;Swedish Government Bonds;SE GVB 10Y;9.7915
1993 January;Swedish Government Bonds;SE GVB 10Y;10.1742
1993 February;Swedish Government Bonds;SE GVB 10Y;9.8325
1993 March;Swedish Government Bonds;SE GVB 10Y;9.3965
1993 April;Swedish Government Bonds;SE GVB 10Y;9.4385
1993 May;Swedish Government Bonds;SE GVB 10Y;9.1205
1993 June;Swedish Government Bonds;SE GVB 10Y;8.7081
1993 July;Swedish Government Bonds;SE GVB 10Y;8.2714
1993 August;Swedish Government Bonds;SE GVB 10Y;7.6555
1993 September;Swedish Government Bonds;SE GVB 10Y;7.8223
1993 October;Swedish Government Bonds;SE GVB 10Y;7.591
1993 November;Swedish Government Bonds;SE GVB 10Y;7.5168
1993 December;Swedish Government Bonds;SE GVB 10Y;7.2986
1994 January;Swedish Government Bonds;SE GVB 10Y;7.047
1994 February;Swedish Government Bonds;SE GVB 10Y;7.147
1994 March;Swedish Government Bonds;SE GVB 10Y;7.8696
1994 April;Swedish Government Bonds;SE GVB 10Y;8.6405
1994 May;Swedish Government Bonds;SE GVB 10Y;8.9115
1994 June;Swedish Government Bonds;SE GVB 10Y;10.0095
1994 July;Swedish Government Bonds;SE GVB 10Y;10.9038
1994 August;Swedish Government Bonds;SE GVB 10Y;11.4387
1994 September;Swedish Government Bonds;SE GVB 10Y;11.4309
1994 October;Swedish Government Bonds;SE GVB 10Y;11.1338
1994 November;Swedish Government Bonds;SE GVB 10Y;11.1168
1994 December;Swedish Government Bonds;SE GVB 10Y;10.8642
1995 January;Swedish Government Bonds;SE GVB 10Y;11.0324
1995 February;Swedish Government Bonds;SE GVB 10Y;10.737
1995 March;Swedish Government Bonds;SE GVB 10Y;11.203
1995 April;Swedish Government Bonds;SE GVB 10Y;11.44
1995 May;Swedish Government Bonds;SE GVB 10Y;10.7652
1995 June;Swedish Government Bonds;SE GVB 10Y;10.612
1995 July;Swedish Government Bonds;SE GVB 10Y;10.579
1995 August;Swedish Government Bonds;SE GVB 10Y;10.247
1995 September;Swedish Government Bonds;SE GVB 10Y;9.6614
1995 October;Swedish Government Bonds;SE GVB 10Y;9.3295
1995 November;Swedish Government Bonds;SE GVB 10Y;9.0159
1995 December;Swedish Government Bonds;SE GVB 10Y;8.6305
1996 January;Swedish Government Bonds;SE GVB 10Y;8.2536
1996 February;Swedish Government Bonds;SE GVB 10Y;8.7805
1996 March;Swedish Government Bonds;SE GVB 10Y;8.7943
1996 April;Swedish Government Bonds;SE GVB 10Y;8.361
1996 May;Swedish Government Bonds;SE GVB 10Y;8.4635
1996 June;Swedish Government Bonds;SE GVB 10Y;8.37
1996 July;Swedish Government Bonds;SE GVB 10Y;8.2883
1996 August;Swedish Government Bonds;SE GVB 10Y;8.1341
1996 September;Swedish Government Bonds;SE GVB 10Y;7.8233
1996 October;Swedish Government Bonds;SE GVB 10Y;7.22
1996 November;Swedish Government Bonds;SE GVB 10Y;7.291
1996 December;Swedish Government Bonds;SE GVB 10Y;6.8806
1997 January;Swedish Government Bonds;SE GVB 10Y;6.7686
1997 February;Swedish Government Bonds;SE GVB 10Y;6.712
1997 March;Swedish Government Bonds;SE GVB 10Y;7.1263
1997 April;Swedish Government Bonds;SE GVB 10Y;7.2682
1997 May;Swedish Government Bonds;SE GVB 10Y;7.0432
1997 June;Swedish Government Bonds;SE GVB 10Y;6.8255
1997 July;Swedish Government Bonds;SE GVB 10Y;6.4748
1997 August;Swedish Government Bonds;SE GVB 10Y;6.5638
1997 September;Swedish Government Bonds;SE GVB 10Y;6.4077
1997 October;Swedish Government Bonds;SE GVB 10Y;6.2526
1997 November;Swedish Government Bonds;SE GVB 10Y;6.3305
1997 December;Swedish Government Bonds;SE GVB 10Y;6.0616
1998 January;Swedish Government Bonds;SE GVB 10Y;5.687
1998 February;Swedish Government Bonds;SE GVB 10Y;5.5635
1998 March;Swedish Government Bonds;SE GVB 10Y;5.3764
1998 April;Swedish Government Bonds;SE GVB 10Y;5.2375
1998 May;Swedish Government Bonds;SE GVB 10Y;5.2321
1998 June;Swedish Government Bonds;SE GVB 10Y;5.004
1998 July;Swedish Government Bonds;SE GVB 10Y;4.9126
1998 August;Swedish Government Bonds;SE GVB 10Y;4.83
1998 September;Swedish Government Bonds;SE GVB 10Y;4.8216
1998 October;Swedish Government Bonds;SE GVB 10Y;4.7509
1998 November;Swedish Government Bonds;SE GVB 10Y;4.5851
1998 December;Swedish Government Bonds;SE GVB 10Y;4.2545
1999 January;Swedish Government Bonds;SE GVB 10Y;4.0174
1999 February;Swedish Government Bonds;SE GVB 10Y;4.1824
1999 March;Swedish Government Bonds;SE GVB 10Y;4.4388
1999 April;Swedish Government Bonds;SE GVB 10Y;4.241
1999 May;Swedish Government Bonds;SE GVB 10Y;4.5026
1999 June;Swedish Government Bonds;SE GVB 10Y;4.8707
1999 July;Swedish Government Bonds;SE GVB 10Y;5.2559
1999 August;Swedish Government Bonds;SE GVB 10Y;5.4899
1999 September;Swedish Government Bonds;SE GVB 10Y;5.6875
1999 October;Swedish Government Bonds;SE GVB 10Y;5.9162
1999 November;Swedish Government Bonds;SE GVB 10Y;5.5589
1999 December;Swedish Government Bonds;SE GVB 10Y;5.5895
2000 January;Swedish Government Bonds;SE GVB 10Y;5.9465
2000 February;Swedish Government Bonds;SE GVB 10Y;5.9019
2000 March;Swedish Government Bonds;SE GVB 10Y;5.5057
2000 April;Swedish Government Bonds;SE GVB 10Y;5.4244
2000 May;Swedish Government Bonds;SE GVB 10Y;5.3368
2000 June;Swedish Government Bonds;SE GVB 10Y;5.1255
2000 July;Swedish Government Bonds;SE GVB 10Y;5.3105
2000 August;Swedish Government Bonds;SE GVB 10Y;5.3096
2000 September;Swedish Government Bonds;SE GVB 10Y;5.2631
2000 October;Swedish Government Bonds;SE GVB 10Y;5.2261
2000 November;Swedish Government Bonds;SE GVB 10Y;5.1284
2000 December;Swedish Government Bonds;SE GVB 10Y;4.9211
2001 January;Swedish Government Bonds;SE GVB 10Y;4.8885
2001 February;Swedish Government Bonds;SE GVB 10Y;4.8582
2001 March;Swedish Government Bonds;SE GVB 10Y;4.7456
2001 April;Swedish Government Bonds;SE GVB 10Y;4.9287
2001 May;Swedish Government Bonds;SE GVB 10Y;5.269
2001 June;Swedish Government Bonds;SE GVB 10Y;5.3847
2001 July;Swedish Government Bonds;SE GVB 10Y;5.4211
2001 August;Swedish Government Bonds;SE GVB 10Y;5.155
2001 September;Swedish Government Bonds;SE GVB 10Y;5.2605
2001 October;Swedish Government Bonds;SE GVB 10Y;5.1667
2001 November;Swedish Government Bonds;SE GVB 10Y;4.9552
2001 December;Swedish Government Bonds;SE GVB 10Y;5.2382
2002 January;Swedish Government Bonds;SE GVB 10Y;5.2711
2002 February;Swedish Government Bonds;SE GVB 10Y;5.3648
2002 March;Swedish Government Bonds;SE GVB 10Y;5.6275
2002 April;Swedish Government Bonds;SE GVB 10Y;5.686
2002 May;Swedish Government Bonds;SE GVB 10Y;5.6918
2002 June;Swedish Government Bonds;SE GVB 10Y;5.5232
2002 July;Swedish Government Bonds;SE GVB 10Y;5.367
2002 August;Swedish Government Bonds;SE GVB 10Y;5.1341
2002 September;Swedish Government Bonds;SE GVB 10Y;4.9714
2002 October;Swedish Government Bonds;SE GVB 10Y;5.0674
2002 November;Swedish Government Bonds;SE GVB 10Y;5.0469
2002 December;Swedish Government Bonds;SE GVB 10Y;4.8872
2003 January;Swedish Government Bonds;SE GVB 10Y;4.7029
2003 February;Swedish Government Bonds;SE GVB 10Y;4.474
2003 March;Swedish Government Bonds;SE GVB 10Y;4.5698
2003 April;Swedish Government Bonds;SE GVB 10Y;4.7248
2003 May;Swedish Government Bonds;SE GVB 10Y;4.367
2003 June;Swedish Government Bonds;SE GVB 10Y;4.1974
2003 July;Swedish Government Bonds;SE GVB 10Y;4.5052
2003 August;Swedish Government Bonds;SE GVB 10Y;4.6998
2003 September;Swedish Government Bonds;SE GVB 10Y;4.7275
2003 October;Swedish Government Bonds;SE GVB 10Y;4.8485
2003 November;Swedish Government Bonds;SE GVB 10Y;4.9768
2003 December;Swedish Government Bonds;SE GVB 10Y;4.8626
2004 January;Swedish Government Bonds;SE GVB 10Y;4.6523
2004 February;Swedish Government Bonds;SE GVB 10Y;4.5475
2004 March;Swedish Government Bonds;SE GVB 10Y;4.3117
2004 April;Swedish Government Bonds;SE GVB 10Y;4.5483
2004 May;Swedish Government Bonds;SE GVB 10Y;4.6803
2004 June;Swedish Government Bonds;SE GVB 10Y;4.7167
2004 July;Swedish Government Bonds;SE GVB 10Y;4.5682
2004 August;Swedish Government Bonds;SE GVB 10Y;4.4177
2004 September;Swedish Government Bonds;SE GVB 10Y;4.3734
2004 October;Swedish Government Bonds;SE GVB 10Y;4.245
2004 November;Swedish Government Bonds;SE GVB 10Y;4.1334
2004 December;Swedish Government Bonds;SE GVB 10Y;3.899
2005 January;Swedish Government Bonds;SE GVB 10Y;3.8368
2005 February;Swedish Government Bonds;SE GVB 10Y;3.7565
2005 March;Swedish Government Bonds;SE GVB 10Y;3.8612
2005 April;Swedish Government Bonds;SE GVB 10Y;3.5798
2005 May;Swedish Government Bonds;SE GVB 10Y;3.3419
2005 June;Swedish Government Bonds;SE GVB 10Y;3.1085
2005 July;Swedish Government Bonds;SE GVB 10Y;3.0633
2005 August;Swedish Government Bonds;SE GVB 10Y;3.1411
2005 September;Swedish Government Bonds;SE GVB 10Y;2.9798
2005 October;Swedish Government Bonds;SE GVB 10Y;3.1748
2005 November;Swedish Government Bonds;SE GVB 10Y;3.385
2005 December;Swedish Government Bonds;SE GVB 10Y;3.374
2006 January;Swedish Government Bonds;SE GVB 10Y;3.325
2006 February;Swedish Government Bonds;SE GVB 10Y;3.4155
2006 March;Swedish Government Bonds;SE GVB 10Y;3.5452
2006 April;Swedish Government Bonds;SE GVB 10Y;3.8372
2006 May;Swedish Government Bonds;SE GVB 10Y;3.8881
2006 June;Swedish Government Bonds;SE GVB 10Y;3.9333
2006 July;Swedish Government Bonds;SE GVB 10Y;3.9579
2006 August;Swedish Government Bonds;SE GVB 10Y;3.8354
2006 September;Swedish Government Bonds;SE GVB 10Y;3.6971
2006 October;Swedish Government Bonds;SE GVB 10Y;3.7316
2006 November;Swedish Government Bonds;SE GVB 10Y;3.6152
2006 December;Swedish Government Bonds;SE GVB 10Y;3.6492
2007 January;Swedish Government Bonds;SE GVB 10Y;3.9023
2007 February;Swedish Government Bonds;SE GVB 10Y;3.9265
2007 March;Swedish Government Bonds;SE GVB 10Y;3.7939
2007 April;Swedish Government Bonds;SE GVB 10Y;4.0434
2007 May;Swedish Government Bonds;SE GVB 10Y;4.1529
2007 June;Swedish Government Bonds;SE GVB 10Y;4.4395
2007 July;Swedish Government Bonds;SE GVB 10Y;4.4495
2007 August;Swedish Government Bonds;SE GVB 10Y;4.248
2007 September;Swedish Government Bonds;SE GVB 10Y;4.216
2007 October;Swedish Government Bonds;SE GVB 10Y;4.3143
2007 November;Swedish Government Bonds;SE GVB 10Y;4.2154
2007 December;Swedish Government Bonds;SE GVB 10Y;4.3082
2008 January;Swedish Government Bonds;SE GVB 10Y;4.0823
2008 February;Swedish Government Bonds;SE GVB 10Y;4.0156
2008 March;Swedish Government Bonds;SE GVB 10Y;3.9157
2008 April;Swedish Government Bonds;SE GVB 10Y;4.0635
2008 May;Swedish Government Bonds;SE GVB 10Y;4.181
2008 June;Swedish Government Bonds;SE GVB 10Y;4.4277
2008 July;Swedish Government Bonds;SE GVB 10Y;4.3746
2008 August;Swedish Government Bonds;SE GVB 10Y;4.1137
2008 September;Swedish Government Bonds;SE GVB 10Y;3.9013
2008 October;Swedish Government Bonds;SE GVB 10Y;3.5671
2008 November;Swedish Government Bonds;SE GVB 10Y;3.343
2008 December;Swedish Government Bonds;SE GVB 10Y;2.6662
2009 January;Swedish Government Bonds;SE GVB 10Y;2.7976
2009 February;Swedish Government Bonds;SE GVB 10Y;2.9287
2009 March;Swedish Government Bonds;SE GVB 10Y;2.9377
2009 April;Swedish Government Bonds;SE GVB 10Y;3.1793
2009 May;Swedish Government Bonds;SE GVB 10Y;3.5678
2009 June;Swedish Government Bonds;SE GVB 10Y;3.6216
2009 July;Swedish Government Bonds;SE GVB 10Y;3.3697
2009 August;Swedish Government Bonds;SE GVB 10Y;3.4455
2009 September;Swedish Government Bonds;SE GVB 10Y;3.3772
2009 October;Swedish Government Bonds;SE GVB 10Y;3.2545
2009 November;Swedish Government Bonds;SE GVB 10Y;3.2742
2009 December;Swedish Government Bonds;SE GVB 10Y;3.2386
2010 January;Swedish Government Bonds;SE GVB 10Y;3.3698
2010 February;Swedish Government Bonds;SE GVB 10Y;3.2821
2010 March;Swedish Government Bonds;SE GVB 10Y;3.197
2010 April;Swedish Government Bonds;SE GVB 10Y;3.1398
2010 May;Swedish Government Bonds;SE GVB 10Y;2.726
2010 June;Swedish Government Bonds;SE GVB 10Y;2.607
2010 July;Swedish Government Bonds;SE GVB 10Y;2.7027
2010 August;Swedish Government Bonds;SE GVB 10Y;2.448
2010 September;Swedish Government Bonds;SE GVB 10Y;2.5268
2010 October;Swedish Government Bonds;SE GVB 10Y;2.6388
2010 November;Swedish Government Bonds;SE GVB 10Y;2.8567
2010 December;Swedish Government Bonds;SE GVB 10Y;3.2055
2011 January;Swedish Government Bonds;SE GVB 10Y;3.281
2011 February;Swedish Government Bonds;SE GVB 10Y;3.4076
2011 March;Swedish Government Bonds;SE GVB 10Y;3.3518
2011 April;Swedish Government Bonds;SE GVB 10Y;3.3035
2011 May;Swedish Government Bonds;SE GVB 10Y;3.0146
2011 June;Swedish Government Bonds;SE GVB 10Y;2.8843
2011 July;Swedish Government Bonds;SE GVB 10Y;2.7546
2011 August;Swedish Government Bonds;SE GVB 10Y;2.1658
2011 September;Swedish Government Bonds;SE GVB 10Y;1.829
2011 October;Swedish Government Bonds;SE GVB 10Y;1.9028
2011 November;Swedish Government Bonds;SE GVB 10Y;1.6922
2011 December;Swedish Government Bonds;SE GVB 10Y;1.6769
2012 January;Swedish Government Bonds;SE GVB 10Y;1.7046
2012 February;Swedish Government Bonds;SE GVB 10Y;1.8862
2012 March;Swedish Government Bonds;SE GVB 10Y;1.9464
2012 April;Swedish Government Bonds;SE GVB 10Y;1.8237
2012 May;Swedish Government Bonds;SE GVB 10Y;1.5111
2012 June;Swedish Government Bonds;SE GVB 10Y;1.4502
2012 July;Swedish Government Bonds;SE GVB 10Y;1.3332
2012 August;Swedish Government Bonds;SE GVB 10Y;1.4357
2012 September;Swedish Government Bonds;SE GVB 10Y;1.5082
2012 October;Swedish Government Bonds;SE GVB 10Y;1.541
2012 November;Swedish Government Bonds;SE GVB 10Y;1.4592
2012 December;Swedish Government Bonds;SE GVB 10Y;1.5066
2013 January;Swedish Government Bonds;SE GVB 10Y;1.7987
2013 February;Swedish Government Bonds;SE GVB 10Y;1.9987
2013 March;Swedish Government Bonds;SE GVB 10Y;1.9224
2013 April;Swedish Government Bonds;SE GVB 10Y;1.6568
2013 May;Swedish Government Bonds;SE GVB 10Y;1.791
2013 June;Swedish Government Bonds;SE GVB 10Y;2.0459
2013 July;Swedish Government Bonds;SE GVB 10Y;2.1605
2013 August;Swedish Government Bonds;SE GVB 10Y;2.3406
2013 September;Swedish Government Bonds;SE GVB 10Y;2.6018
2013 October;Swedish Government Bonds;SE GVB 10Y;2.4352
2013 November;Swedish Government Bonds;SE GVB 10Y;2.2977
2013 December;Swedish Government Bonds;SE GVB 10Y;2.3864
2014 January;Swedish Government Bonds;SE GVB 10Y;2.3707
2014 February;Swedish Government Bonds;SE GVB 10Y;2.2278
2014 March;Swedish Government Bonds;SE GVB 10Y;2.1613
2014 April;Swedish Government Bonds;SE GVB 10Y;2.0595
2014 May;Swedish Government Bonds;SE GVB 10Y;1.8781
2014 June;Swedish Government Bonds;SE GVB 10Y;1.8032
2014 July;Swedish Government Bonds;SE GVB 10Y;1.5957
2014 August;Swedish Government Bonds;SE GVB 10Y;1.5799
2014 September;Swedish Government Bonds;SE GVB 10Y;1.5132
2014 October;Swedish Government Bonds;SE GVB 10Y;1.2987
2014 November;Swedish Government Bonds;SE GVB 10Y;1.136
2014 December;Swedish Government Bonds;SE GVB 10Y;1.0083
2015 January;Swedish Government Bonds;SE GVB 10Y;0.7812
2015 February;Swedish Government Bonds;SE GVB 10Y;0.6153
2015 March;Swedish Government Bonds;SE GVB 10Y;0.5827
2015 April;Swedish Government Bonds;SE GVB 10Y;0.3432
2015 May;Swedish Government Bonds;SE GVB 10Y;0.7454
2015 June;Swedish Government Bonds;SE GVB 10Y;0.9918
2015 July;Swedish Government Bonds;SE GVB 10Y;0.8148
2015 August;Swedish Government Bonds;SE GVB 10Y;0.6635
2015 September;Swedish Government Bonds;SE GVB 10Y;0.7077
2015 October;Swedish Government Bonds;SE GVB 10Y;0.661
2015 November;Swedish Government Bonds;SE GVB 10Y;0.8031
2015 December;Swedish Government Bonds;SE GVB 10Y;0.9323
2016 January;Swedish Government Bonds;SE GVB 10Y;1.0204
2016 February;Swedish Government Bonds;SE GVB 10Y;0.769
2016 March;Swedish Government Bonds;SE GVB 10Y;0.8235
2016 April;Swedish Government Bonds;SE GVB 10Y;0.8113
2016 May;Swedish Government Bonds;SE GVB 10Y;0.7737
2016 June;Swedish Government Bonds;SE GVB 10Y;0.5206
2016 July;Swedish Government Bonds;SE GVB 10Y;0.167
2016 August;Swedish Government Bonds;SE GVB 10Y;0.097
2016 September;Swedish Government Bonds;SE GVB 10Y;0.219
2016 October;Swedish Government Bonds;SE GVB 10Y;0.2394
